code,name
005930,삼성전자
000660,SK하이닉스
005935,삼성전자우
005380,현대차
373220,LG에너지솔루션
402340,SK스퀘어
207940,삼성바이오로직스
012450,한화에어로스페이스
034020,두산에너빌리티
000270,기아
105560,KB금융
329180,HD현대중공업
028260,삼성물산
032830,삼성생명
068270,셀트리온
055550,신한지주
042660,한화오션
006800,미래에셋증권
012330,현대모비스
035420,NAVER
267260,HD현대일렉트릭
009150,삼성전기
010130,고려아연
006400,삼성SDI
015760,한국전력
086790,하나금융지주
042700,한미반도체
005490,POSCO홀딩스
009540,HD한국조선해양
010120,LS ELECTRIC
298040,효성중공업
034730,SK
272210,한화시스템
316140,우리금융지주
010140,삼성중공업
000810,삼성화재
035720,카카오
051910,LG화학
267250,HD현대
011200,HMM
064350,현대로템
024110,기업은행
096770,SK이노베이션
066570,LG전자
138040,메리츠금융지주
000150,두산
033780,KT&G
000720,현대건설
069500,KODEX 200
003670,포스코퓨처엠
047810,한국항공우주
086280,현대글로비스
017670,SK텔레콤
360750,TIGER 미국S&P500
030200,KT
079550,LIG넥스원
047050,포스코인터내셔널
003550,LG
352820,하이브
005830,DB손해보험
278470,에이피알
018260,삼성에스디에스
010950,S-Oil
071050,한국금융지주
005940,NH투자증권
039490,키움증권
323410,카카오뱅크
307950,현대오토에버
259960,크래프톤
003490,대한항공
005387,현대차2우B
003230,삼양식품
007660,이수페타시스
006260,LS
016360,삼성증권
000880,한화
459580,KODEX CD금리액티브(합성)
009830,한화솔루션
377300,카카오페이
396500,TIGER 반도체TOP10
090430,아모레퍼시픽
180640,한진칼
379800,KODEX 미국S&P500
133690,TIGER 미국나스닥100
443060,HD현대마린솔루션
488770,KODEX 머니마켓액티브
000100,유한양행
102110,TIGER 200
326030,SK바이오팜
047040,대우건설
229200,KODEX 코스닥150
028050,삼성E&A
011070,LG이노텍
029780,삼성카드
161390,한국타이어앤테크놀로지
032640,LG유플러스
128940,한미약품
267270,HD건설기계
052690,한전기술
064400,LG씨엔에스
078930,GS
241560,두산밥캣
005385,현대차우
001040,CJ
034220,LG디스플레이
379810,KODEX 미국나스닥100
138930,BNK금융지주
278530,KODEX 200TR
088980,맥쿼리인프라
454910,두산로보틱스
175330,JB금융지주
001440,대한전선
271560,오리온
021240,코웨이
357870,TIGER CD금리투자KIS(합성)
122630,KODEX 레버리지
062040,산일전기
036570,엔씨소프트
004020,현대제철
066970,엘앤에프
411060,ACE KRX금현물
022100,포스코DX
002380,KCC
423160,KODEX KOFR금리액티브(합성)
450080,에코프로머티
088350,한화생명
233740,KODEX 코스닥150레버리지
251270,넷마블
310970,TIGER MSCI Korea TR
489790,한화비전
018880,한온시스템
353200,대덕전자
273130,KODEX 종합채권(AA-이상)액티브
091160,KODEX 반도체
082740,한화엔진
035250,강원랜드
051900,LG생활건강
031210,서울보증보험
000990,DB하이텍
103590,일진전기
381170,TIGER 미국테크TOP10 INDXX
010060,OCI홀딩스
012510,더존비즈온
011790,SKC
011170,롯데케미칼
111770,영원무역
498400,KODEX 200타겟위클리커버드콜
381180,TIGER 미국필라델피아반도체나스닥
439260,대한조선
011780,금호석유화학
017800,현대엘리베이터
036460,한국가스공사
001720,신영증권
360200,ACE 미국S&P500
302440,SK바이오사이언스
012750,에스원
004990,롯데지주
097950,CJ제일제당
014680,한솔케미칼
004170,신세계
458730,TIGER 미국배당다우존스
148020,RISE 200
051600,한전KPS
009970,영원무역홀딩스
023530,롯데쇼핑
085620,미래에셋생명
481050,KODEX CD1년금리플러스액티브(합성)
009420,한올바이오파마
006360,GS건설
005850,에스엘
367380,ACE 미국나스닥100
001450,현대해상
112610,씨에스윈드
139130,iM금융지주
139480,이마트
336260,두산퓨얼셀
375500,DL이앤씨
028670,팬오션
103140,풍산
457190,이수스페셜티케미컬
026960,동서
279570,케이뱅크
003690,코리안리
071970,HD현대마린엔진
455890,RISE 머니마켓액티브
000240,한국앤컴퍼니
008930,한미사이언스
449170,TIGER KOFR금리액티브(합성)
097230,HJ중공업
017960,한국카본
161510,PLUS 고배당주
000120,CJ대한통운
102780,KODEX 삼성그룹
204320,HL만도
018670,SK가스
030000,제일기획
383220,F&F
004800,효성
192820,코스맥스
005440,현대지에프홀딩스
004370,농심
292150,TIGER 코리아TOP10
278540,KODEX MSCI Korea TR
007340,DN오토모티브
081660,미스토홀딩스
011210,현대위아
001430,세아베스틸지주
232080,TIGER 코스닥150
023590,다우기술
395160,KODEX AI반도체
002790,아모레퍼시픽홀딩스
282330,BGF리테일
020150,롯데에너지머티리얼즈
214980,KODEX 단기채권PLUS
003540,대신증권
395400,SK리츠
069960,현대백화점
000155,두산우
000500,가온전선
483650,달바글로벌
120110,코오롱인더
001120,LX인터내셔널
161890,한국콜마
487240,KODEX AI전력핵심설비
475150,SK이터닉스
385540,RISE 종합채권(A-이상)액티브
305720,KODEX 2차전지산업
453850,ACE 미국30년국채액티브(H)
466920,SOL 조선TOP3플러스
069620,대웅제약
462870,시프트업
006040,동원산업
073240,금호타이어
100090,SK오션플랜트
361610,SK아이이테크놀로지
007070,GS리테일
475630,TIGER CD1년금리액티브(합성)
298020,효성티앤씨
006280,녹십자
012630,HDC
008770,호텔신라
003570,SNT다이내믹스
449450,PLUS K방산
032350,롯데관광개발
252670,KODEX 200선물인버스2X
034230,파라다이스
005070,코스모신소재
322000,HD현대에너지솔루션
294400,KIWOOM 200TR
003530,한화투자증권
001800,오리온홀딩스
395270,HANARO Fn K-반도체
294870,HDC현대산업개발
477080,RISE CD금리액티브(합성)
007810,코리아써키트
284430,KODEX 200미국채혼합
007310,오뚜기
329200,TIGER 리츠부동산인프라
082640,동양생명
020560,아시아나항공
030610,교보증권
441640,KODEX 미국배당커버드콜액티브
315930,KODEX Top5PlusTR
000210,DL
330590,롯데리츠
487230,KODEX 미국AI전력핵심인프라
004000,롯데정밀화학
229640,LS에코에너지
003240,태광산업
003090,대웅
530031,삼성 레버리지 WTI원유 선물 ETN
379780,RISE 미국S&P500
371460,TIGER 차이나전기차SOLACTIVE
105190,ACE 200
610063,메리츠 KIS CD금리투자 ETN
077970,STX엔진
700026,하나 CD금리투자 ETN
152100,PLUS 200
300720,한일시멘트
488080,TIGER 반도체TOP10레버리지
368590,RISE 미국나스닥100
415640,KB발해인프라
181710,NHN
000815,삼성화재우
185750,종근당
486290,TIGER 미국나스닥100타겟데일리커버드콜
436140,SOL 종합채권(AA-이상)액티브
456600,TIME 글로벌AI인공지능액티브
000080,하이트진로
051915,LG화학우
001740,SK네트웍스
494310,KODEX 반도체레버리지
100840,SNT에너지
001510,SK증권
089860,롯데렌탈
144600,KODEX 은선물(H)
457480,ACE 테슬라밸류체인액티브
000670,영풍
114800,KODEX 인버스
005300,롯데칠성
426030,TIME 미국나스닥100액티브
305540,TIGER 2차전지테마
476550,TIGER 미국30년국채커버드콜액티브(H)
448330,KODEX 삼성전자채권혼합
455850,SOL AI반도체소부장
356540,ACE 종합채권(AA-이상)액티브
192080,더블유게임즈
157450,TIGER 단기통안채
071320,지역난방공사
036530,SNT홀딩스
006120,SK디스커버리
280360,롯데웰푸드
365550,ESR켄달스퀘어리츠
451540,TIGER 종합채권(AA-이상)액티브
446770,ACE 글로벌반도체TOP4 Plus
192400,쿠쿠홀딩스
003160,디아이
469830,SOL 초단기채권액티브
003470,유안타증권
009240,한샘
484870,엠앤씨솔루션
298050,HS효성첨단소재
030190,NICE평가정보
760009,키움 CD금리투자 ETN
075580,세진중공업
102970,KODEX 증권
057050,현대홈쇼핑
445290,KODEX 로봇액티브
285130,SK케미칼
281820,케이씨텍
465580,ACE 미국빅테크TOP7 Plus
466940,TIGER 은행고배당플러스TOP10
249420,일동제약
071055,한국금융지주우
499790,GS피앤엘
005690,파미셀
137310,에스디바이오센서
009450,경동나비엔
438080,ACE 미국S&P500미국채혼합50액티브
494890,KODEX 200액티브
195870,해성디에스
451800,한화리츠
446720,SOL 미국배당다우존스
006650,대한유화
139260,TIGER 200 IT
479080,1Q 머니마켓액티브
003280,흥아해운
010780,아이에스동서
066575,LG전자우
456040,OCI
481060,KODEX 미국30년국채타겟커버드콜(합성 H)
371160,TIGER 차이나항셍테크
005090,SGC에너지
064960,SNT모티브
091230,TIGER 반도체
226490,KODEX 코스피
033240,자화전자
497570,TIGER 미국필라델피아AI반도체나스닥
004490,세방전지
317450,명인제약
434730,HANARO 원자력iSelect
479520,RISE KOFR금리액티브(합성)
494670,TIGER 조선TOP10
390390,KODEX 미국반도체
108320,LX세미콘
248070,솔루엠
079160,CJ CGV
000370,한화손해보험
079900,전진건설로봇
463250,TIGER K방산&우주
003030,세아제강지주
090460,비에이치
402970,ACE 미국배당다우존스
003850,보령
214320,이노션
550082,N2 KIS CD금리투자 ETN
001270,부국증권
272580,TIGER 단기채권액티브
025540,한국단자
495050,RISE 코리아밸류업
472150,TIGER 배당커버드콜액티브
069260,TKG휴켐스
007700,F&F홀딩스
458760,TIGER 미국배당다우존스타겟커버드콜2호
487340,ACE 머니마켓액티브
153130,KODEX 단기채권
005880,대한해운
014820,동원시스템즈
114090,GKL
475720,RISE 200위클리커버드콜
462010,TIGER 2차전지소재Fn
251600,PLUS 고배당주채권혼합
093370,후성
520009,미래에셋 레버리지 원유선물혼합 ETN(H)
001680,대상
003620,KG모빌리티
002350,넥센타이어
005180,빙그레
001060,JW중외제약
003545,대신증권우
438330,TIGER 우량회사채액티브
444200,SOL 코리아메가테크액티브
138540,TIGER 현대차그룹플러스
580058,KB KIS CD금리투자 ETN
293940,신한알파리츠
381970,케이카
017940,E1
449180,KODEX 미국S&P500(H)
130660,한전산업
237350,KODEX 코스피100
002020,코오롱
001500,현대차증권
217590,티엠씨
456610,TIGER 미국달러SOFR금리액티브(합성)
058650,세아홀딩스
455030,KODEX 미국달러SOFR금리액티브(합성)
093050,LF
000640,동아쏘시오홀딩스
441800,TIME Korea플러스배당액티브
005250,녹십자홀딩스
383800,LX홀딩스
039130,하나투어
001570,금양
760013,키움 레버리지 반도체TOP10 ETN
000400,롯데손해보험
494300,KODEX 미국나스닥100데일리커버드콜OTM
462330,KODEX 2차전지산업레버리지
178920,PI첨단소재
002840,미원상사
094800,맵스리얼티
385560,RISE KIS국고채30년Enhanced
006380,카프로
498410,KODEX 금융고배당TOP10타겟위클리커버드콜
002960,한국쉘석유
438100,ACE 미국나스닥100미국채혼합50액티브
336370,솔루스첨단소재
495850,KODEX 코리아밸류업
004690,삼천리
003300,한일홀딩스
447770,TIGER 테슬라채권혼합Fn
003000,부광약품
462900,KoAct 바이오헬스케어액티브
271940,일진하이솔루스
268280,미원에스씨
069660,KIWOOM 200
314250,KODEX 미국빅테크10(H)
011930,신성이엔지
458250,TIGER 미국30년국채스트립액티브(합성 H)
016380,KG스틸
484790,KODEX 미국30년국채액티브(H)
002240,고려제강
476800,KODEX 한국부동산리츠인프라
009410,태영건설
014830,유니드
019170,신풍제약
001820,삼화콘덴서
016610,DB증권
020000,한섬
105840,우진
008730,율촌화학
005389,현대차3우B
284740,쿠쿠홈시스
950210,프레스티지바이오파마
377740,바이오노트
000070,삼양홀딩스
002030,아세아
005810,풍산홀딩스
700028,하나 레버리지 반도체 ETN
029530,신도리코
364980,TIGER 2차전지TOP10
005420,코스모화학
009900,명신산업
483280,KODEX 미국AI테크TOP10타겟커버드콜
114260,KODEX 국고채3년
091180,KODEX 자동차
034310,NICE
473290,KODEX 26-12 회사채(AA-이상)액티브
482730,TIGER 미국S&P500타겟데일리커버드콜
453340,현대그린푸드
145720,덴티움
293180,HANARO 200
009155,삼성전기우
005945,NH투자증권우
090435,아모레퍼시픽우
477050,PLUS 머니마켓액티브
006220,제주은행
471230,KODEX 국고채10년액티브
138490,코오롱ENP
480260,TIGER 27-04회사채(A+이상)액티브
491010,TIGER 글로벌AI전력인프라액티브
434060,KODEX TDF2050액티브
469150,ACE AI반도체TOP3+
452260,한화갤러리아
270810,RISE 코스닥150
192650,드림텍
001200,유진투자증권
329750,TIGER 미국달러단기채권액티브
105630,한세실업
145990,삼양사
251350,KODEX MSCI선진국
008060,대덕
474220,TIGER 미국테크TOP10타겟커버드콜
016590,신대양제지
448730,삼성FN리츠
460860,동국제강
091170,KODEX 은행
006340,대원전선
148070,KIWOOM 국고채10년
004700,조광피혁
489250,KODEX 미국배당다우존스
072710,농심홀딩스
183190,아세아시멘트
006110,삼아알미늄
357120,코람코라이프인프라리츠
469070,RISE AI&로봇
315960,RISE 대형고배당10TR
471990,KODEX AI반도체핵심장비
449190,KODEX 미국나스닥100(H)
454780,KIWOOM 종합채권(AA-이상)액티브
015360,INVENI
161000,애경케미칼
490590,RISE 미국AI밸류체인데일리고정커버드콜
017810,풀무원
463050,TIME K바이오액티브
005610,SPC삼립
009290,광동제약
451000,PLUS 종합채권(AA-이상)액티브
499660,TIGER CD금리플러스액티브(합성)
126720,수산인더스트리
448290,TIGER 미국S&P500(H)
031430,신세계인터내셔날
027410,BGF
016800,퍼시스
344820,KCC글라스
034830,한국토지신탁
132030,KODEX 골드선물(H)
060980,HL홀딩스
001530,DI동일
490490,SOL 미국배당미국채혼합50
089590,제주항공
025860,남해화학
478150,TIME 글로벌우주테크&방산액티브
365780,ACE 국고채10년
010690,화신
029460,케이씨
496080,TIGER 코리아밸류업
170900,동아에스티
097520,엠씨넥스
241180,TIGER 일본니케이225
306200,세아제강
361580,RISE 200TR
026890,스틱인베스트먼트
277630,TIGER 코스피
295040,SOL 200TR
084010,대한제강
417310,코람코더원리츠
000157,두산2우B
461490,RISE 글로벌자산배분액티브
018250,애경산업
157500,TIGER 증권
139230,TIGER 200 중공업
453810,KODEX 인도Nifty50
423920,TIGER 미국필라델피아반도체레버리지(합성)
091810,티웨이항공
473330,SOL 미국30년국채커버드콜(합성)
484880,SOL 금융지주플러스고배당
441680,TIGER 미국나스닥100커버드콜(합성)
307520,TIGER 지주회사
200880,서연이화
279530,KODEX 고배당주
302450,RISE 코스피
002810,삼영무역
456880,ACE 미국달러SOFR금리(합성)
439870,KODEX 국고채30년액티브
442580,PLUS 글로벌HBM반도체
001940,KISCO홀딩스
453870,TIGER 인도니프티50
005720,넥센
126560,현대퓨처넷
001390,KG케미칼
015860,일진홀딩스
403550,쏘카
012030,DB
123890,한국자산신탁
017860,DS단석
010820,퍼스텍
011760,현대코퍼레이션
002310,아세아제지
092230,KPX홀딩스
092220,KEC
194370,제이에스코퍼레이션
442320,RISE 글로벌원자력
037270,YG PLUS
286940,롯데이노베이트
084690,대상홀딩스
466950,TIGER 글로벌AI액티브
006405,삼성SDI우
002710,TCC스틸
104700,한국철강
078520,에이블씨엔씨
475080,KODEX 테슬라커버드콜채권혼합액티브
007690,국도화학
017390,서울가스
005680,삼영전자
001750,한양증권
001230,동국홀딩스
092200,디아이씨
570090,한투 KIS CD금리투자 ETN
472870,RISE 미국30년국채엔화노출(합성 H)
273140,KODEX 단기변동금리부채권액티브
437080,KODEX 미국종합채권ESG액티브(H)
000650,천일고속
272450,진에어
128820,대성산업
096760,JW홀딩스
472170,TIGER 미국테크TOP10채권혼합
363570,KODEX 장기종합채권(AA-이상)액티브
033270,유나이티드제약
003920,남양유업
117580,대성에너지
439860,KODEX ESG종합채권(A-이상)액티브
092790,넥스틸
003520,영진약품
024720,콜마홀딩스
228790,TIGER 화장품
037710,광주신세계
003120,일성아이에스
034120,SBS
491620,RISE 미국테크100데일리고정커버드콜
475560,더본코리아
011500,한농화성
053690,한미글로벌
433500,ACE 원자력TOP10
385550,RISE 단기채권알파액티브
009160,SIMPAC
002320,한진
088260,이리츠코크렙
472160,TIGER 미국테크TOP10 INDXX(H)
009680,모토닉
000320,노루홀딩스
005010,휴스틸
006805,미래에셋증권우
003960,사조대림
035510,신세계 I&C
001460,BYC
476760,ACE 미국30년국채액티브
900140,엘브이엠씨홀딩스
435420,TIGER 미국나스닥100채권혼합Fn
421320,PLUS 우주항공&UAM
000540,흥국화재
348950,제이알글로벌리츠
245710,ACE 베트남VN30(합성)
004360,세방
334890,이지스밸류플러스리츠
001340,PKC
448300,TIGER 미국나스닥100(H)
481190,SOL 미국테크TOP10
004310,현대약품
003070,코오롱글로벌
000490,대동
290130,RISE ESG사회책임투자
458260,TIGER 미국투자등급회사채액티브(H)
241590,화승엔터프라이즈
002900,TYM
488980,SOL 26-12 회사채(AA-이상)액티브
003200,일신방직
244580,KODEX 바이오
418660,TIGER 미국나스닥100레버리지(합성)
394670,TIGER 글로벌리튬&2차전지SOLACTIVE(합성)
283580,KODEX 차이나CSI300
302190,TIGER 중장기국채
485540,KODEX 미국AI테크TOP10
058430,포스코스틸리온
007160,사조산업
377190,디앤디플랫폼리츠
000390,삼화페인트
233160,TIGER 코스닥150 레버리지
035150,백산
196230,RISE 단기통안채
404990,신한서부티엔디리츠
001790,대한제당
385720,TIME 코스피액티브
108670,LX하우시스
451060,1Q 200액티브
364970,TIGER 바이오TOP10
385510,KODEX 신재생에너지액티브
033920,무학
244920,에이플러스에셋
473460,KODEX 미국서학개미
520054,미래에셋 레버리지 코스피200 선물 ETN
000050,경방
003547,대신증권2우B
448630,RISE 삼성그룹Top3채권혼합
432320,KB스타리츠
329650,KODEX TRF3070
493810,TIGER 미국AI빅테크10타겟데일리커버드콜
433330,SOL 미국S&P500
136490,선진
001130,대한제분
007570,일양약품
030210,다올투자증권
122900,아이마켓코리아
013890,지누스
486450,SOL 미국AI전력인프라
000680,LS네트웍스
134380,미원화학
500029,신한 레버리지 은 선물 ETN(H)
004980,성신양회
053210,스카이라이프
213610,KODEX 삼성그룹밸류
005500,삼진제약
009470,삼화전기
305080,TIGER 미국채10년선물
044450,KSS해운
210980,SK디앤디
001630,종근당홀딩스
004560,현대비앤지스틸
028100,동아지질
013580,계룡건설
000430,대원강업
310960,TIGER 200TR
448540,ACE 엔비디아채권혼합
003720,삼영
489030,PLUS 고배당주위클리커버드콜
261260,KODEX 미국달러선물인버스2X
008490,서흥
354500,ACE 코스닥150
007860,서연
000480,CR홀딩스
476450,KIWOOM 머니마켓액티브
095570,AJ네트웍스
003220,대원제약
084680,이월드
004090,한국석유
461950,KODEX 2차전지핵심소재10
051905,LG생활건강우
011690,와이투솔루션
226320,잇츠한불
039570,HDC랩스
016880,웅진
495230,KoAct 코리아밸류업액티브
491610,1Q CD금리액티브(합성)
025000,KPX케미칼
272560,RISE 단기국공채액티브
002150,도화엔지니어링
190620,ACE 단기통안채
498270,KIWOOM 미국양자컴퓨팅
266160,RISE 고배당
466930,SOL 자동차TOP3플러스
422420,RISE 2차전지액티브
010955,S-Oil우
003610,방림
033530,SJG세종
160580,TIGER 구리실물
251340,KODEX 코스닥150선물인버스
010580,에스엠벡셀
001250,GS글로벌
005960,동부건설
298690,에어부산
570022,한투 레버리지 S&P500 선물 ETN(H)
004430,송원산업
496020,WON 전단채플러스액티브
214390,경보제약
426020,TIME 미국S&P500액티브
123320,TIGER 레버리지
000140,하이트진로홀딩스
472920,HK 종합채권(AA-이상)액티브
339770,교촌에프앤비
003460,유화증권
000520,삼일제약
497880,SOL CD금리&머니마켓액티브
003555,LG우
004380,삼익THK
487570,HS효성
550092,N2 월간 레버리지 방위산업 Top5 ETN
005950,이수화학
271980,제일약품
200250,KIWOOM 인도Nifty50(합성)
483320,ACE 엔비디아밸류체인액티브
234080,JW생명과학
520094,미래에셋 CD금리 플러스 ETN
102260,동성케미컬
396520,TIGER 차이나반도체FACTSET
464240,KIWOOM 26-09회사채(AA-이상)액티브
001780,알루코
004960,한신공영
003350,한국화장품제조
388420,RISE 비메모리반도체액티브
143860,TIGER 헬스케어
213500,한솔제지
001045,CJ우
016450,한세예스24홀딩스
001080,만호제강
452360,SOL 미국배당다우존스(H)
471040,KoAct 글로벌AI&로봇액티브
003650,미창석유
001520,동양
002990,금호건설
471760,TIGER AI반도체핵심공정
272550,삼양패키징
463290,1Q 단기금융채액티브
332930,HANARO 200TR
081000,일진다이아
031440,신세계푸드
367760,RISE 네트워크인프라
490090,TIGER 미국AI빅테크10
016580,환인제약
000860,강남제비스코
009070,KCTC
102460,이연제약
414780,TIGER 차이나과창판STAR50(합성)
015230,대창단조
101530,해태제과식품
304660,KODEX 미국30년국채울트라선물(H)
071840,롯데하이마트
002100,경농
500099,신한 WTI원유 선물 ETN
008350,남선알미늄
409820,KODEX 미국나스닥100레버리지(합성 H)
006060,화승인더
400760,NH올원리츠
114100,RISE 국고채3년
008970,KBI동양철관
000700,유수홀딩스
012200,계양전기
458210,KIWOOM CD금리액티브(합성)
005430,한국공항
011785,금호석유화학우
090350,노루페인트
465780,마이티 26-09 특수채(AAA)액티브
000300,DH오토넥스
460850,동국씨엠
002170,삼양통상
037560,LG헬로비전
097955,CJ제일제당 우
003830,대한화섬
480020,ACE 미국빅테크7+데일리타겟커버드콜(합성)
317400,자이에스앤디
237370,KODEX 코리아배당성장채권혼합
001360,삼성제약
025620,차AI헬스케어
089470,HDC현대EP
012610,경인양행
100250,진양홀딩스
000020,동화약품
214420,토니모리
293480,하나제약
021820,세원정공
462520,조선내화
483340,ACE 구글밸류체인액티브
009580,무림P&P
325020,KODEX 배당가치
267770,TIGER 200선물레버리지
500037,신한 레버리지 금 선물 ETN
025820,이구산업
011700,한신기계
018470,조일알미늄
182480,TIGER 미국MSCI리츠(합성 H)
078000,텔코웨어
007540,샘표
325010,KODEX 성장주
372330,KODEX 차이나항셍테크
004970,신라교역
002780,진흥기업
483290,KODEX 미국배당다우존스타겟커버드콜
530134,삼성 블룸버그 인버스2X WTI원유선물 ETN B
461270,ACE 26-06 회사채(AA-이상)액티브
000970,한국주철관
474590,WON 반도체밸류체인액티브
429000,TIGER 미국S&P500배당귀족
004710,한솔테크닉스
192090,TIGER 차이나CSI300
008110,대동전자
455860,SOL 2차전지소부장Fn
019180,티에이치엔
481180,SOL 미국AI소프트웨어
044820,코스맥스비티아이
491230,PLUS 국공채머니마켓액티브
480030,ACE 미국500데일리타겟커버드콜(합성)
009270,신원
008040,사조동아원
107590,미원홀딩스
136340,RISE 중기우량회사채
298000,효성화학
520066,미래에셋 KRX금현물 Auto-KO-C 2810-01 ETN
003480,한진중공업홀딩스
014280,금강공업
451530,TIGER 국고채30년스트립액티브
210540,디와이파워
079430,현대리바트
002390,한독
403790,마이다스 코스피액티브
005800,신영와코루
094280,효성ITX
363280,티와이홀딩스
495060,TIME 코리아밸류업액티브
015890,태경산업
012320,경동인베스트
004150,한솔홀딩스
332500,ACE 200TR
070960,모나용평
027970,한국제지
442570,RISE TDF2050액티브
013520,화승코퍼레이션
004250,NPC
035000,HS애드
095720,웅진씽크빅
367770,RISE 수소경제테마
219480,KODEX 미국S&P500선물(H)
024090,디씨엠
016710,대성홀딩스
010100,한국무브넥스
001290,상상인증권
008700,아남전자
760011,키움 레버리지 2차전지산업 ETN
002620,제일파마홀딩스
245340,TIGER 미국다우존스30
114820,TIGER 국채3년
350520,이지스레지던스리츠
500071,신한 레버리지 코스닥 150 선물 ETN
570051,한투 나스닥 100 ETN
019680,대교
004140,동방
309230,ACE 미국WideMoat동일가중
412570,TIGER 2차전지TOP10레버리지
261220,KODEX WTI원유선물(H)
011280,태림포장
013570,디와이
083420,그린케미칼
077500,유니퀘스트
016740,두올
475050,ACE KPOP포커스
494220,UNICORN SK하이닉스밸류체인액티브
267290,경동도시가스
500069,신한 레버리지 코스피 200 선물 ETN
123690,한국화장품
004080,신흥
014790,HL D&I
530104,삼성 레버리지 코스피200 선물 ETN
002460,HS화성
248170,샘표식품
067830,세이브존I&C
464930,TIGER 글로벌혁신블루칩TOP10
319640,TIGER 골드선물(H)
036420,콘텐트리중앙
120030,조선선재
014710,사조씨푸드
036580,팜스코
014530,극동유화
007210,벽산
488500,TIGER 미국S&P500동일가중
168580,ACE 중국본토CSI300
271050,KODEX WTI원유선물인버스(H)
490480,SOL K방산
481430,RISE 국고채10년액티브
014580,태경비케이
570050,한투 S&P500 선물 ETN
469170,ACE 포스코그룹포커스
530061,삼성 레버리지 은 선물 ETN(H)
010660,화천기계
015590,DKME
530136,삼성 인버스 2X 천연가스 선물 ETN D
433980,KODEX TDF2040액티브
012800,대창
278240,RISE 코스닥150선물레버리지
005870,휴니드
002200,한국수출포장
084670,동양고속
495550,SOL 코리아밸류업TR
017550,수산세보틱스
152870,파워 200
017900,광전자
020120,키다리스튜디오
491820,HANARO 전력설비투자
034590,인천도시가스
454320,HANARO CAPEX설비투자iSelect
464310,TIGER 글로벌AI&로보틱스 INDXX
000230,일동홀딩스
570116,한투 블룸버그레버리지WTI원유선물 ETN B
007110,일신석재
295020,RISE 국채선물10년인버스
014160,대영포장
438570,SOL 국고채10년
530055,삼성 레버리지 금 선물 ETN(H)
423170,SOL 글로벌AI반도체탑픽액티브
139990,아주스틸
001560,제일연마
001275,부국증권우
498180,파워 종합채권(AA-이상)액티브
004100,태양금속
130730,KIWOOM 단기자금
267850,아시아나IDT
243880,TIGER 200IT레버리지
227840,현대코퍼레이션홀딩스
399110,SOL 미국S&P500ESG
308620,KODEX 미국10년국채선물
328370,PLUS 코스피TR
002450,삼익악기
204480,TIGER 차이나CSI300레버리지(합성)
228810,TIGER 미디어컨텐츠
011810,STX
058850,KTcs
004840,DRB동일
465610,ACE 미국빅테크TOP7 Plus레버리지(합성)
363580,KODEX 200IT TR
492500,1Q 현대차그룹채권(A+이상)&국고통안
700023,하나 Solactive 2X US Tech Top 10 ETN(H)
468380,KODEX iShares미국하이일드액티브
495710,BNK 26-06 특수채(AAA이상)액티브
001020,페이퍼코리아
520056,미래에셋 레버리지 코스닥150 선물 ETN
006890,태경케미컬
157490,TIGER 소프트웨어
494840,TIGER 미국방산TOP10
411420,KODEX 미국나스닥AI테크액티브
490600,RISE 미국배당100데일리고정커버드콜
023450,동남합성
394660,TIGER 글로벌자율주행&전기차SOLACTIVE
377990,TIGER Fn신재생에너지
007460,에이프로젠
610037,메리츠 미국채30년 ETN(H)
530111,삼성 레버리지 천연가스 선물 ETN C
264900,크라운제과
063160,종근당바이오
359210,KODEX 코스피TR
017370,우신시스템
479730,TIGER 인도빌리언컨슈머
002720,국제약품
023800,인지컨트롤스
304940,KODEX 미국나스닥100선물(H)
004060,SG세계물산
000180,성창기업지주
480040,ACE 미국반도체데일리타겟커버드콜(합성)
530107,삼성 인버스 2X 코스닥150 선물 ETN
496090,KIWOOM 코리아밸류업
013360,일성건설
005740,크라운해태홀딩스
008260,NI스틸
006840,AK홀딩스
003580,HLB글로벌
119650,KC코트렐
005750,대림바스
013870,지엠비코리아
032560,황금에스티
760016,키움 레버리지 조선TOP10 ETN
570019,한투 코스피 양매도 5% OTM ETN
214330,금호에이치티
570059,한투 레버리지 금 선물 ETN
000105,유한양행우
495330,1Q 코리아밸류업
364960,TIGER BBIG
010960,삼호개발
760007,키움 코스피 200 TR ETN
002220,한일철강
447620,SOL 미국TOP5채권혼합50
203780,TIGER 미국나스닥바이오
329660,KODEX TRF5050
396690,미래에셋글로벌리츠
058860,KTis
078935,GS우
143850,TIGER 미국S&P500선물(H)
448100,WON 200
473640,HANARO 글로벌금채굴기업
002700,신일전자
101140,인바이오젠
500095,신한 S&P500 VIX S/T 선물 ETN E
500094,신한 블룸버그 인버스2X WTI원유선물 ETN B
211900,KODEX 코리아배당성장
004890,동일산업
011150,CJ씨푸드
007980,TP
163560,동일고무벨트
023000,삼원강재
014440,영보화학
006660,삼성공조
441540,HANARO Fn조선해운
401170,RISE 메타버스
000590,CS홀딩스
457990,PLUS 태양광&ESS
266420,KODEX 헬스케어
138520,TIGER 삼성그룹
068290,삼성출판사
550089,N2 월간 레버리지 코스피 200 선물 ETN
211560,TIGER 배당성장
550091,N2 방위산업 Top5 ETN
261070,TIGER 코스닥150바이오테크
473440,ACE 11월만기자동연장회사채AA-이상액티브
195980,PLUS 신흥국MSCI(합성 H)
001260,남광토건
011000,진원생명과학
002600,조흥
337160,KODEX 200ESG
412770,TIGER 글로벌AI플랫폼액티브
122090,PLUS 코스피50
111380,동인기연
476750,ACE 미국30년국채엔화노출액티브(H)
009200,무림페이퍼
338100,NH프라임리츠
079980,휴비스
007280,한국특강
460960,ACE 글로벌인컴TOP10
332940,HANARO MSCI Korea TR
096775,SK이노베이션우
031820,아이티센씨티에스
453330,RISE 미국S&P500(H)
085310,엔케이
210780,TIGER 코스피고배당
500050,신한 레버리지 S&P500 선물 ETN
108450,ACE 삼성그룹섹터가중
461500,HANARO 종합채권(AA-이상)액티브
269540,PLUS 미국S&P500(H)
304780,HANARO 200선물레버리지
006880,신송홀딩스
475300,SOL 반도체전공정
004720,팜젠사이언스
326240,RISE IT플러스
003925,남양유업우
329670,KODEX TRF7030
440910,WON 미국우주항공방산
000850,화천기공
001550,조비
009180,한솔로지스틱스
261240,KODEX 미국달러선물
004440,삼일씨엔에스
570106,한투 레버리지일본니케이225선물 ETN(H)
228800,TIGER 여행레저
001470,삼부토건
010040,한국내화
007590,동방아그로
023810,인팩
433970,KODEX TDF2030액티브
475310,SOL 반도체후공정
520087,미래에셋 레버리지 KRX 금현물 ETN
004410,서울식품
009770,삼정펄프
476030,SOL 미국나스닥100
610061,메리츠 3X 레버리지 국채30년 ETN
002795,아모레퍼시픽홀딩스우
494330,ACE 라이프자산주주가치액티브
580016,KB 레버리지 S&P 500 선물 ETN(H)
018500,동원금속
006090,사조오양
117700,KODEX 건설
461460,PLUS 국고채10년액티브
011390,부산산업
520092,미래에셋 레버리지 은 선물 ETN B
550062,N2 레버리지 금 선물 ETN(H)
109070,주성코퍼레이션
610012,메리츠 레버리지 금 선물 ETN(H)
012690,모나리자
476850,KoAct 배당성장액티브
013700,까뮤이앤씨
475280,ACE 8월만기자동연장회사채AA-이상액티브
016090,대현
000725,현대건설우
401470,KODEX 메타버스액티브
580010,KB Wise 분할매매 ETN
120115,코오롱인더우
011330,유니켐
129260,인터지스
530067,삼성 KRX 금현물 ETN
004540,깨끗한나라
058730,다스코
550093,N2 전력인프라 Top5 ETN
009835,한화솔루션우
002760,보락
252400,RISE 200선물레버리지
000220,유유제약
072130,유엔젤
139220,TIGER 200 건설
071090,하이스틸
419890,KIWOOM 단기채권ESG액티브
003780,진양산업
570103,한투 인버스2X 나스닥100 ETN B
475350,RISE 버크셔포트폴리오TOP10
491700,HK 200
378850,화승알앤에이
111110,호전실업
570100,한투 일본종합상사TOP5 ETN
465330,RISE 2차전지TOP10
003010,혜인
100220,비상교육
004830,덕성
000910,유니온
272910,ACE 중장기국공채액티브
440640,ACE 단기채권알파액티브
485690,RISE 미국AI밸류체인TOP3Plus
001620,케이비아이동국실업
069730,DSR제강
055490,테이팩스
002140,고려산업
456680,TIGER 차이나전기차레버리지(합성)
486240,DAISHIN343 AI반도체&인프라액티브
261270,KODEX 미국달러선물인버스
500096,신한 인버스2X 천연가스 선물 ETN B
252650,KODEX 200동일가중
047400,유니온머티리얼
123310,TIGER 인버스
092440,기신정기
488720,WON 종합채권(AA-이상)액티브
006980,우성
445150,KODEX 친환경조선해운액티브
372910,한컴라이프케어
496770,PLUS 글로벌방산
760018,키움 미국달러선물 ETN B
610066,메리츠 KAP 통안채 3개월 ETN
150460,TIGER 중국소비테마
024900,디와이덕양
155660,DSR
444490,WON 미국S&P500
580039,KB 레버리지 KOSPI 200 선물 ETN
580077,KB 인버스 2X 미국 나스닥 100 TR ETN B
463680,KODEX 미국S&P500테크놀로지
453080,KIWOOM 미국나스닥100(H)
001380,SG글로벌
002630,오리엔트바이오
005305,롯데칠성우
570061,한투 레버리지 은 선물 ETN
458030,WON 국공채머니마켓액티브
447430,ACE 주주환원가치주액티브
004910,조광페인트
093240,형지엘리트
453640,KODEX 미국S&P500헬스케어
003465,유화증권우
003060,에이프로젠바이오로직스
471780,TIGER 코리아테크액티브
000950,전방
017180,명문제약
252710,TIGER 200선물인버스2X
114470,KIWOOM 국고채3년
455960,RISE 미국달러SOFR금리액티브(합성)
298770,KODEX 한국대만IT프리미어
298340,PLUS 국채선물3년
495040,PLUS 코리아밸류업
275980,TIGER 글로벌4차산업혁신기술(합성 H)
472830,RISE 미국30년국채커버드콜(합성)
357250,미래에셋맵스리츠
292190,KODEX KRX300
003475,유안타증권우
001465,BYC우
004450,삼화왕관
025560,미래산업
007120,미래아이앤지
458750,TIGER 미국배당다우존스타겟커버드콜1호
306950,KODEX KRX300레버리지
473590,ACE 미국주식베스트셀러
000890,보해양조
278620,PLUS 단기채권액티브
337140,KODEX 코스피대형주
395290,HANARO Fn K-POP&미디어
500093,신한 블룸버그 레버리지 WTI원유선물 ETN B
700029,하나 S&P 레버리지 WTI원유 선물 ETN B
520089,미래에셋 CAPE 실러 US Core Sector ETN
101280,KODEX 일본TOPIX100
021050,서원
580068,KB S&P 레버리지 WTI원유 선물 ETN B
092780,DYP
075180,새론오토모티브
530133,삼성 블룸버그 레버리지 WTI원유선물 ETN B
434960,DAISHIN343 K200
395170,KODEX Top10동일가중
225040,TIGER 미국S&P500레버리지(합성 H)
010770,평화홀딩스
012160,영흥
580081,KB 인버스 2X 은 선물 ETN
474800,KIWOOM 미국원유에너지기업
004770,써니전자
371470,TIGER 차이나바이오테크SOLACTIVE
041650,상신브레이크
014990,인디에프
139660,KIWOOM 미국달러선물인버스
530143,삼성 인버스 2X 은 선물 ETN
023960,에쓰씨엔지니어링
352540,KODEX 일본부동산리츠(H)
123700,SJM
365040,TIGER AI코리아그로스액티브
004920,씨아이테크
465350,RISE 2차전지TOP10인버스(합성)
415920,PLUS 글로벌희토류&전략자원생산기업
520080,미래에셋 미국 테크&반도체 TOP3 ETN
009190,대양금속
400970,TIGER Fn메타버스
700017,하나 레버리지 코스닥150 선물 ETN
520074,미래에셋 미국 방위산업 TOP3 ETN
610078,메리츠 3X 레버리지 미국채30년 ETN
570081,한투 레버리지 코스닥150선물 ETN
452250,ACE 미국30년국채선물레버리지(합성 H)
700022,하나 Solactive US Tech Top 10 ETN(H)
455660,ACE 미국하이일드액티브(H)
365000,TIGER 인터넷TOP10
007610,선도전기
498860,RISE 코리아금융고배당
610088,메리츠 솔랙티브 2X WTI원유 선물 ETN(H)
530106,삼성 레버리지 코스닥150 선물 ETN
530131,삼성 인버스0.5X S&P500 VIX S/T선물 ETN B
487750,BNK 온디바이스AI
002410,범양건영
025530,SJM홀딩스
139320,TIGER 금은선물(H)
426150,WON 대한민국국고채액티브
012280,영화금속
449770,KIWOOM 미국S&P500
266370,KODEX IT
003080,SB성보
140700,KODEX 보험
610101,메리츠 -2X 은 선물 ETN(H)
282000,RISE 국고채3년선물인버스
218420,KODEX 미국S&P500에너지(합성)
316670,KIWOOM 코스닥150
495750,HANARO 코리아밸류업
049800,우진플라임
530036,삼성 인버스 2X WTI원유 선물 ETN
139280,TIGER 경기방어
520075,미래에셋 레버리지 미국 방위산업 TOP3 ETN
580021,KB 인버스 천연가스 선물 ETN
009320,아진전자부품
002920,유성기업
027740,마니커
486830,HANARO 머니마켓액티브
530126,삼성 코리아 밸류업 TR ETN
475260,ACE 2월만기자동연장회사채AA-이상액티브
023350,한국종합기술
500020,신한 레버리지 다우존스지수 선물 ETN(H)
438560,SOL 국고채3년
090080,평화산업
001210,금호전기
530130,삼성 S&P500 VIX S/T 선물 ETN B
017040,광명전기
550084,N2 코스피 200 TR ETN
011420,갤럭시아에스엠
006125,SK디스커버리우
277640,TIGER 코스피대형주
530115,삼성 레버리지 나스닥 100 TR ETN
465770,STX그린로지스
006370,대구백화점
450910,SOL 코스닥150
011300,성안머티리얼스
104530,KIWOOM 고배당
256750,KODEX 차이나심천ChiNext(합성)
550064,N2 레버리지 은 선물 ETN(H)
292560,TIGER 일본엔선물
011230,삼화전자
000215,DL우
007815,코리아써우
200030,KODEX 미국S&P500산업재(합성)
008420,문배철강
481850,신한글로벌액티브리츠
464470,PLUS 미국채30년액티브
020760,일진디스플
375770,KODEX 탄소효율그린뉴딜
069460,대호에이엘
133820,화인베스틸
570119,한투 인버스2X은선물 ETN
580056,KB 일본 로보틱스 TOP 10 ETN
520081,미래에셋 2X 미국 테크&반도체 TOP3 ETN
448570,FOCUS AI코리아액티브
051630,진양화학
322400,HANARO e커머스
174360,RISE 중국본토대형주CSI100
002360,SH에너지화학
008870,금비
005030,부산주공
440650,ACE 미국달러단기채권액티브
407830,에셋플러스 글로벌플랫폼액티브
357430,마스턴프리미어리츠
074610,이엔플러스
138910,KODEX 구리선물(H)
610038,메리츠 레버리지 미국채30년 ETN(H)
475270,ACE 5월만기자동연장회사채AA-이상액티브
025750,한솔홈데코
002880,대유에이텍
520086,미래에셋-0.5X S&P500 VIX S/T선물 ETN(H)B
002870,신풍
530118,삼성 코스닥 150 TR ETN
308170,씨티알모빌리티
479850,HANARO K-뷰티
084870,TBH글로벌
122260,KIWOOM 통안채1년
476690,TIGER 글로벌비만치료제TOP2Plus
266360,KODEX K콘텐츠
145270,케이탑리츠
433880,PLUS TDF2060액티브
520072,미래에셋 미국 AI TOP3 ETN
139270,TIGER 200 금융
530113,삼성 레버리지 S&P500 선물 ETN
453650,KODEX 미국S&P500금융
476070,KODEX 글로벌비만치료제TOP2 Plus
000760,이화산업
570104,한투 일본니케이225선물 ETN(H)
008250,이건산업
276990,KODEX 글로벌로봇(합성)
500082,신한 블룸버그 2X 천연가스 선물 ETN
322410,HANARO K고배당
469060,RISE 미국반도체NYSE
336160,RISE 금융채액티브
437070,KODEX 아시아달러채권ESG플러스액티브
019490,엑시큐어하이트론
099140,KODEX 차이나H
118000,메타케어
152500,ACE 레버리지
410870,TIME K컬처액티브
570069,한투 레버리지 플래티넘 선물 ETN
152380,KODEX 국채선물10년
520037,미래에셋 코스피200 선물 ETN
453950,TIGER TSMC파운드리밸류체인
261060,TIGER 코스닥150IT
428510,KODEX 차이나AI테크액티브
489290,WON 미국빌리어네어
520091,미래에셋 인버스 천연가스 선물 ETN B
026940,부국철강
530116,삼성 인버스 2X 나스닥 100 TR ETN
610007,메리츠 국채30년 ETN
419430,KODEX 차이나2차전지MSCI(합성)
003535,한화투자증권우
550097,N2 레버리지 코스닥150 선물 ETN
004870,티웨이홀딩스
520078,미래에셋 미국 제약 TOP3 ETN
580020,KB 천연가스 선물 ETN(H)
580076,KB 레버리지 미국 나스닥 100 TR ETN B
480310,TIGER 글로벌온디바이스AI
491220,PLUS 200TR
134790,시디즈
520090,미래에셋 천연가스 선물 ETN B
261140,TIGER 우선주
495940,RISE 미국AI테크액티브
385590,ACE ESG액티브
245360,TIGER 차이나HSCEI
461600,SOL 미국30년국채액티브(H)
429760,PLUS 미국S&P500
580022,KB 레버리지 금 선물 ETN(H)
475070,KoAct 글로벌친환경전력인프라액티브
261250,KODEX 미국달러선물레버리지
006490,인스코비
461340,HANARO 글로벌생성형AI액티브
006200,한국전자홀딩스
019175,신풍제약우
014910,성문전자
520082,미래에셋 미국 자율주행대표기업 ETN
276970,KODEX 미국S&P500배당귀족커버드콜(합성 H)
468630,KODEX iShares미국투자등급회사채액티브
500035,신한 레버리지 미국달러 선물 ETN
090370,메타랩스
001070,대한방직
253150,PLUS 200선물레버리지
005820,원림
520068,미래에셋 2X 홍콩H 선물 ETN
610075,메리츠 3X 레버리지 미국채10년 ETN
570118,한투 인버스2X천연가스선물 ETN B
363510,SOL KIS단기통안채
140950,파워 코스피100
219390,RISE 미국S&P원유생산기업(합성 H)
000040,KR모터스
009140,경인전자
461580,TIGER 코스닥글로벌
520093,미래에셋 인버스 2X 은 선물 ETN B
005320,온타이드
570082,한투 인버스 2X 코스닥150선물 ETN
275300,KODEX 우량주
253250,KIWOOM 200선물레버리지
442260,마이티 다이나믹퀀트액티브
305050,ACE 코스피
004365,세방우
414270,ACE 글로벌자율주행액티브
487130,KoAct AI인프라액티브
195930,TIGER 유로스탁스50(합성 H)
241390,RISE V&S셀렉트밸류채권혼합
449780,KIWOOM 미국S&P500(H)
002420,세기상사
013000,세우글로벌
700034,하나 레버리지 K방산TOP10 ETN
238720,ACE 일본Nikkei225(H)
550041,N2 미국 IT TOP5 ETN(H)
530124,삼성 레버리지 일본니케이225선물 ETN(H)
388280,RISE K엔터&여행레저
196030,ACE 일본TOPIX레버리지(H)
364990,TIGER 게임TOP10
479620,SOL 미국AI반도체칩메이커
610064,메리츠 KAP 통안채 6개월 ETN
418670,TIGER 글로벌AI사이버보안
002690,동일제강
475380,RISE 글로벌리얼티인컴
530140,삼성 iSelect 레버리지 조선 TOP10 TR ETN
352560,KODEX 미국부동산리츠(H)
446070,유니드비티플러스
117460,KODEX 에너지화학
009810,플레이그램
088790,진도
493420,SOL 미국배당다우존스2호
760005,키움 INDXX 미국테크탑10 ETN
461450,KODEX 코스닥글로벌
014130,한익스프레스
005360,모나미
700027,하나 반도체 ETN
256440,ACE MSCI인도네시아(합성)
570117,한투 블룸버그인버스2XWTI원유선물 ETN B
287180,PLUS 미국나스닥테크
261120,TIGER 미국달러선물인버스2X
023150,MH에탄올
204450,KODEX 차이나H레버리지(H)
360140,KODEX 200롱코스닥150숏선물
024890,대원화성
003680,한성기업
368190,HANARO Fn K-뉴딜디지털플러스
580034,KB 레버리지 FANG 플러스 ETN(H)
100910,KIWOOM KRX100
006570,대림통상
156080,KODEX MSCI Korea
227540,TIGER 200 헬스케어
300950,KODEX 게임산업
280930,KODEX 미국러셀2000(H)
304770,HANARO 코스닥150
006740,블루산업개발
520077,미래에셋 -1.5X 천연가스 선물 ETN
570029,한투 코스피 양매도 3% OTM ETN
147970,TIGER 모멘텀
009460,한창제지
385520,KODEX 자율주행액티브
610069,메리츠 KAP 레버리지 일본 엔화 ETN
248270,TIGER S&P글로벌헬스케어(합성)
570057,한투 은 선물 ETN
002820,SUN&L
520065,미래에셋 -2X 미국채울트라30년 선물 ETN
570055,한투 금 선물 ETN
024070,WISCOM
473490,KIWOOM 글로벌AI반도체
105780,RISE 5대그룹주
192720,파워 고배당저변동성
033250,체시스
130680,TIGER 원유선물Enhanced(H)
491090,KODEX 미국테크TOP3플러스
459750,RISE 글로벌주식분산액티브
459560,KODEX 테슬라밸류체인FactSet
520047,미래에셋 인버스 2X 옥수수 선물 ETN
480370,씨케이솔루션
139250,TIGER 200 에너지화학
002025,코오롱우
245350,TIGER 유로스탁스배당30
360150,KODEX 코스닥150롱코스피200숏선물
437350,RISE 미국단기투자등급회사채액티브
010400,우진아이엔에스
580049,KB 차이나 중형주 CSI 500 ETN
520073,미래에셋 레버리지 미국 AI TOP3 ETN
271060,KODEX 3대농산물선물(H)
002355,넥센타이어1우B
760008,키움 코스닥 150 TR ETN
476260,HANARO 반도체핵심공정주도주
015260,에이엔피
167860,KIWOOM 국고채10년레버리지
138230,KIWOOM 미국달러선물
570093,한투 레버리지 천연가스 선물 ETN B
550085,N2 코스닥 150 TR ETN
494410,PLUS 미국S&P500성장주
477730,KODEX 인도타타그룹
471460,KIWOOM 국고채30년액티브
520039,미래에셋 코스닥150 선물 ETN
570065,한투 레버리지 베트남 VN30 선물 ETN(H)
580069,KB S&P 인버스 2X WTI원유 선물 ETN B
520088,미래에셋 S&P500 VIX S/T 선물 ETN(H)
004270,남성
442560,RISE TDF2040액티브
481340,RISE 미국30년국채액티브
030720,동원수산
570047,한투 FTSE100 ETN
276650,RISE 글로벌테크놀로지(합성 H)
483420,ACE 애플밸류체인액티브
143210,핸즈코퍼레이션
580043,KB 레버리지 KOSDAQ 150 선물 ETN
497780,KoAct 미국천연가스인프라액티브
003495,대한항공우
449690,TIGER 한중반도체(합성)
069640,한세엠케이
580048,KB 차이나 대형주 CSI 300 ETN
570102,한투 레버리지 나스닥100 ETN B
005110,한창
500023,신한 콩 선물 ETN(H)
760023,키움 레버리지 K방산 TOP5 ETN
472840,ITF 200
269420,KODEX S&P글로벌인프라(합성)
011090,에넥스
300640,RISE 게임테마
530119,삼성 레버리지 항셍테크 TR ETN(H) B
153270,KIWOOM 코스피100
520079,미래에셋 레버리지 미국 제약 TOP3 ETN
580057,KB 일본 컨슈머 TOP 10 ETN
002210,동성제약
387270,TIGER 글로벌이노베이션액티브
071950,코아스
520057,미래에셋 인버스 2X 코스닥150 선물 ETN
500100,신한 금 선물 ETN
223190,KODEX 200가치저변동
438320,TIGER 차이나항셍테크레버리지(합성 H)
610022,메리츠 미국채10년 ETN(H)
225130,ACE 골드선물 레버리지(합성 H)
183700,RISE 채권혼합
580075,KB 레버리지 BYD 밸류체인 ETN
275280,KODEX 모멘텀주
284980,RISE 200금융
500040,신한 레버리지 구리 선물 ETN
500085,신한 코스피 200 TR ETN
530117,삼성 코스피 200 TR ETN
008775,호텔신라우
459790,KIWOOM 미국성장기업30액티브
411540,SOL 200 Top10
530089,삼성 은 선물 ETN(H)
010640,진양폴리
117680,KODEX 철강
760022,키움 K방산 TOP5 ETN
530105,삼성 인버스 2X 코스피200 선물 ETN
610001,메리츠 인플레이션 국채 ETN
520055,미래에셋 인버스 2X 코스피200 선물 ETN
530138,삼성 KRX 레버리지 2차전지 TOP10 TR ETN
580070,KB 레버리지 2차전지 TOP 10 TR ETN
483240,TIGER 미국나스닥100ETF선물
491830,TIGER 미국AI반도체팹리스
272570,RISE 중장기국공채액티브
012170,아센디오
044380,주연테크
580026,KB S&P 레버리지 은 선물 ETN(H)
760004,키움 인버스 미국달러선물 ETN
415760,SOL 차이나육성산업액티브(합성)
289480,TIGER 200커버드콜
226980,KODEX 200 중소형
415340,KODEX 차이나과창판STAR50(합성)
610036,메리츠 인버스 2X 대표 농산물 선물 ETN(H)
700013,하나 레버리지 콩 선물 ETN(H)
009310,참엔지니어링
138530,TIGER LG그룹플러스
253290,RISE 헬스케어채권혼합
252000,TIGER 200동일가중
580074,KB BYD 밸류체인 ETN
570072,한투 레버리지 구리 선물 ETN
001685,대상우
483570,KCGI 미국S&P500 TOP10
195970,PLUS 선진국MSCI(합성 H)
520083,미래에셋 2X 미국 자율주행대표기업 ETN
700012,하나 인버스 2X 옥수수 선물 ETN(H)
292770,KODEX 국채선물3년인버스
580072,KB 화웨이 밸류체인 ETN
610085,메리츠 레버리지 미국채30년 스트립 ETN(H)
530083,삼성 금 선물 ETN(H)
520050,미래에셋 인버스 2X 원유선물혼합 ETN(H)
580073,KB 레버리지 화웨이 밸류체인 ETN
407310,HANARO 200 TOP10
520076,미래에셋 1.5X 천연가스 선물 ETN
396510,TIGER 차이나클린에너지SOLACTIVE
275290,KODEX 가치주
489000,PLUS 일본엔화초단기국채(합성)
145850,TREX 펀더멘탈 200
463300,RISE 중국본토CSI300
442090,에셋플러스 코리아대장장이액티브
450190,KODEX 한중반도체(합성)
445690,BNK 주주가치액티브
500090,신한 2X 26-05 공사채(AAA) ETN
001515,SK증권우
169950,KODEX 차이나A50
500088,신한 2X 26-05 은행채(AAA) ETN
500089,신한 26-05 공사채(AAA) ETN
610047,메리츠 인버스 국채3년 ETN
500087,신한 26-05 은행채(AAA) ETN
446690,KODEX 아시아AI반도체exChina액티브
277540,ACE 아시아TOP50
457690,KODEX 33-06 국고채액티브
530145,삼성 레버리지 천연가스 선물 ETN D
550087,N2 선진국 1등주 ETN
001770,SHD
500091,신한 33-12 국고채 플러스 ETN
465660,TIGER 일본반도체FACTSET
530128,삼성 레버리지 미국다우존스 선물 ETN
236350,TIGER 인도니프티50레버리지(합성)
409810,KODEX 미국나스닥100선물인버스(H)
001420,태원물산
332620,PLUS 미국장기우량회사채
371450,TIGER 글로벌클라우드컴퓨팅INDXX
610018,메리츠 국채10년 ETN
610008,메리츠 레버리지 국채30년 ETN
091220,TIGER 은행
005257,녹십자홀딩스2우
440340,TIGER 글로벌멀티에셋TIF액티브
530129,삼성 인버스 2X 미국다우존스 선물 ETN
015020,이스타코
445910,TIGER MKF배당귀족
433220,에셋플러스 글로벌대장장이액티브
417630,TIGER KEDI혁신기업ESG30
152550,한국ANKOR유전
217770,TIGER 원유선물인버스(H)
464920,PLUS 일본반도체소부장
019685,대교우B
185680,KODEX 미국S&P바이오(합성)
391670,HK 베스트일레븐액티브
570105,한투 인버스일본니케이225선물 ETN(H)
469790,KIWOOM K-테크TOP10
292500,SOL KRX300
460660,RISE 미국S&P배당킹
580066,KB 인도 대형 성장주 Select 5 ETN
530132,삼성 블룸버그 WTI원유 선물 ETN B
404260,KODEX 기후변화솔루션
760012,키움 반도체TOP10 ETN
102960,KODEX 기계장비
292160,TIGER KRX300
468370,KODEX iShares미국인플레이션국채액티브
491510,파워 K-주주가치액티브
610003,메리츠 미국 인플레이션 국채 ETN(H)
419650,PLUS 글로벌수소&차세대연료전지
760017,키움 조선TOP10 ETN
580067,KB 인도 디지털 Select 5 ETN
387280,TIGER 퓨처모빌리티액티브
496120,ACE 코리아밸류업
570115,한투 인버스0.5X S&P500 VIX S/T선물 ETN B
448490,HANARO 32-10 국고채액티브
570107,한투 인버스2X일본니케이225선물 ETN(H)
580052,KB 인버스 2X 밀 선물 ETN
477490,에셋플러스 글로벌일등기업포커스10액티브
610089,메리츠 솔랙티브 -2X WTI원유 선물 ETN(H)
364690,KODEX 혁신기술테마액티브
159800,마이티 코스피100
550069,N2 레버리지 구리 선물 ETN(H)
530112,삼성 S&P500 TR ETN
610087,메리츠 솔랙티브 WTI원유 선물 ETN(H)
371150,RISE 차이나항셍테크
610028,메리츠 레버리지 구리 선물 ETN(H)
025890,한국주강
530063,삼성 레버리지 구리 선물 ETN(H)
008600,윌비스
580071,KB 인버스 2X 천연가스 선물 ETN B
385600,ACE 2차전지&친환경차액티브
009440,KC그린홀딩스
229720,KODEX KTOP30
449580,RISE 테슬라애플아마존채권혼합
213630,PLUS 미국다우존스고배당주(합성 H)
453630,KODEX 미국S&P500필수소비재
453010,PLUS KOFR금리
500072,신한 인버스 2X 코스닥 150 선물 ETN
550088,N2 월간 레버리지 선진국 1등주 ETN
376410,TIGER 탄소효율그린뉴딜
610081,메리츠 레버리지 멕시코 페소화 ETN
375760,HANARO 탄소효율그린뉴딜
289040,KODEX MSCI KOREA ESG유니버설
610040,메리츠 인버스 2X 미국채30년 ETN(H)
239660,PLUS 우량회사채50
494420,PLUS 미국배당증가성장주데일리커버드콜
447660,PLUS 애플채권혼합
008500,일정실업
276000,TIGER 글로벌자원생산기업(합성 H)
438900,HANARO Fn K-푸드
453820,KODEX 인도Nifty50레버리지(합성)
250730,RISE 차이나HSCEI(H)
407820,에셋플러스 코리아플랫폼액티브
520085,미래에셋 -2X 미국 AI TOP3 ETN
291130,ACE MSCI멕시코(합성)
005725,넥센우
337150,KODEX 200exTOP
498050,HANARO 바이오코리아액티브
301400,PLUS 코스닥150
483330,ACE 마이크로소프트밸류체인액티브
461900,PLUS 미국테크TOP10
337120,KODEX 멀티팩터
108590,TREX 200
550099,N2 레버리지 천연가스 선물 ETN
570114,한투 S&P500 VIX S/T선물 ETN(H) B
367740,HANARO Fn5G산업
400570,KODEX 유럽탄소배출권선물ICE(H)
469050,RISE 미국반도체NYSE(H)
289250,TIGER MSCI KOREA ESG유니버설
002070,비비안
461910,PLUS 미국테크TOP10레버리지(합성)
204210,스타에스엠리츠
108675,LX하우시스우
530064,삼성 인버스 2X 구리 선물 ETN(H)
000087,하이트진로2우B
265690,ACE 러시아MSCI(합성)
760021,키움 코스피200 선물 달러노출 ETN
570071,한투 구리 선물 ETN
464600,SOL 자동차소부장Fn
610025,메리츠 인버스 2X 미국채10년 ETN(H)
001795,대한제당우
289260,TIGER MSCI KOREA ESG리더스
463640,KODEX 미국S&P500유틸리티
442550,RISE TDF2030액티브
292050,RISE KRX300
500086,신한 코스닥 150 TR ETN
610072,메리츠 KAP 레버리지 중국 위안화 ETN
354350,HANARO 글로벌럭셔리S&P(합성)
104520,KIWOOM 블루칩
183710,RISE 주식혼합
474920,에셋플러스 차이나일등기업포커스10액티브
195920,TIGER 일본TOPIX(합성 H)
580065,KB 코스닥 150 TR ETN
422260,VITA MZ소비액티브
500024,신한 인버스 콩 선물 ETN(H)
570099,한투 S&P 인버스 2X 엔달러 선물 ETN(H)
487950,KODEX 대만테크고배당다우존스
281990,RISE 중소형고배당
304760,HANARO KRX300
432840,HANARO 미국S&P500
266410,KODEX 필수소비재
520064,미래에셋 2X 미국채울트라30년 선물 ETN
446700,RISE 배터리 리사이클링
371870,ACE 차이나항셍테크
580080,KB 인버스 은 선물 ETN
482030,KoAct 반도체&2차전지핵심소재액티브
280320,ACE 미국IT인터넷(합성 H)
300610,TIGER K게임
610039,메리츠 인버스 미국채30년 ETN(H)
381560,HANARO Fn전기&수소차
404120,TIME K신재생에너지액티브
227830,PLUS 코스피
469160,ACE 일본반도체
290080,RISE 200고배당커버드콜ATM
580054,KB 인버스 2X 콩 선물 ETN
354240,RISE 미국고정배당우선증권
140910,에이리츠
494180,TIME 글로벌소비트렌드액티브
530120,삼성 나스닥 100 TR ETN
580019,KB 인버스 2X 항셍테크 선물 ETN
610009,메리츠 인버스 국채30년 ETN
413930,WON AI ESG액티브
530139,삼성 iSelect 조선 TOP10 TR ETN
610095,메리츠 2X 천연가스 선물 ETN(H)
417450,RISE 글로벌수소경제
700031,하나 레버리지 천연가스 선물 ETN(H)
140580,RISE 우량업종대표주
472720,TRUSTON 주주가치액티브
457700,KODEX 53-09 국고채액티브
570063,한투 베트남 VN30 선물 ETN(H)
419420,KODEX 미국클린에너지나스닥
580050,KB 차이나 과창판 STAR 50 ETN
176950,KODEX 국채선물10년인버스
001755,한양증권우
530123,삼성 일본니케이225선물 ETN(H)
610080,메리츠 멕시코 페소화 ETN
451600,PLUS 국고채30년액티브
580047,KB 레버리지 항셍테크 선물 ETN(H) B
244620,KODEX 모멘텀Plus
610024,메리츠 인버스 미국채10년 ETN(H)
570085,한투 블룸버그 인도네시아 대표원자재 ETN
228820,TIGER KTOP30
464610,SOL 의료기기소부장Fn
269370,TIGER S&P글로벌인프라(합성)
332610,PLUS 미국단기회사채(AAA~A)
500028,신한 인버스 2X 다우존스지수 선물 ETN(H)
428560,KODEX 미국ETF산업Top10 Indxx
261110,TIGER 미국달러선물레버리지
137610,TIGER 농산물선물Enhanced(H)
700036,하나 인버스 2X 반도체 ETN
435040,ACE 글로벌브랜드TOP10
453660,KODEX 미국S&P500경기소비재
145995,삼양사우
610071,메리츠 KAP 중국 위안화 ETN
416090,ACE 중국과창판STAR50
530121,삼성 항셍테크 TR ETN(H) B
234310,RISE V&S셀렉트밸류
484890,SOL 머니마켓액티브
760020,키움 레버리지 리츠부동산인프라 ETN
084695,대상홀딩스우
485810,TIME 글로벌바이오액티브
117690,TIGER 차이나항셍30
520046,미래에셋 레버리지 옥수수 선물 ETN
004255,NPC우
131890,ACE 삼성그룹동일가중
004105,태양금속우
463690,KODEX 미국S&P500커뮤니케이션
452440,VITA 밸류알파액티브
404650,SOL KRX기후변화솔루션
530114,삼성 인버스 2X S&P500 선물 ETN
140710,KODEX 운송
465670,TIGER 미국캐시카우100
225060,TIGER 이머징마켓MSCI레버리지(합성 H)
496130,TRUSTON 코리아밸류업액티브
395760,PLUS ESG성장주액티브
451150,에셋플러스 글로벌영에이지액티브
610074,메리츠 미국채10년 ETN
530095,삼성 구리 선물 ETN(H)
453060,HANARO KOFR금리액티브(합성)
580051,KB 레버리지 밀 선물 ETN
530137,삼성 KRX 2차전지 TOP10 TR ETN
114460,ACE 국고채3년
003075,코오롱글로벌우
520084,미래에셋 -2X 미국 자율주행대표기업 ETN
373490,KODEX 코리아혁신성장액티브
700014,하나 인버스 2X 콩 선물 ETN(H)
385710,TIME K이노베이션액티브
580059,KB 미국채 10년 ETN
001067,JW중외제약2우B
610020,메리츠 인버스 국채10년 ETN
760019,키움 리츠부동산인프라 ETN
700033,하나 K방산TOP10 ETN
610077,메리츠 미국채30년 ETN
251590,PLUS 고배당저변동50
500078,신한 S&P 유로 선물 ETN(H)
500080,신한 S&P 레버리지 유로 선물 ETN(H)
610049,메리츠 국채5년 ETN
279540,KODEX 최소변동성
253280,RISE 헬스케어
580060,KB 레버리지 미국채 10년 ETN
225800,KIWOOM 미국달러선물레버리지
250780,TIGER 코스닥150선물인버스
280920,PLUS 주도업종
510016,대신 천연가스 선물 ETN(H)
610045,메리츠 국채3년 ETN
310080,RISE 중국MSCI China(H)
610093,메리츠 인버스 3X 일본 국채 10년 ETN
430500,KIWOOM 물가채KIS
610035,메리츠 레버리지 대표 농산물 선물 ETN(H)
285690,FOCUS ESG리더스
395150,KODEX 웹툰&드라마
456250,KODEX 유럽명품TOP10 STOXX
530127,삼성 미국다우존스 TR ETN
105010,TIGER 라틴35
269530,PLUS S&P글로벌인프라
379790,RISE 유로스탁스50(H)
215620,HK S&P코리아로우볼
610055,메리츠 3X 레버리지 국채3년 ETN
760026,키움 레버리지 전력 TOP5 ETN
460270,KIWOOM 미국달러SOFR금리액티브(합성)
580055,KB 블룸버그 레버리지 천연가스 선물 ETN
500079,신한 S&P 인버스 유로 선물 ETN(H)
487910,ACE 인도컨슈머파워액티브
530141,삼성 중국 자동차 TOP5 TR ETN(H)
610083,메리츠 레버리지 인도 루피화 ETN
449680,TIGER 한중전기차(합성)
580061,KB 미국채 30년 ETN
580063,KB 레버리지 미국채 10년 선물 ETN
610082,메리츠 인도 루피화 ETN
610086,메리츠 인버스2X 미국채30년 스트립 ETN(H)
580064,KB 인버스 2X 미국채 10년 선물 ETN
500097,신한 레버리지 Russell 2000 ETN B
610068,메리츠 KAP 일본 엔화 ETN
610079,메리츠 인버스 3X 미국채30년 ETN
610092,메리츠 인버스 일본 국채 10년 ETN
326230,RISE 내수주플러스
480460,WON 한국부동산TOP3플러스
399580,RISE 글로벌클린에너지
610057,메리츠 3X 레버리지 국채5년 ETN
610051,메리츠 인버스 국채5년 ETN
500098,신한 인버스 2X Russell 2000 ETN B
580079,KB 레버리지 은 선물 ETN
500081,신한 S&P 인버스 2X 유로 선물 ETN(H)
610060,메리츠 인버스 3X 국채10년 ETN
395280,HANARO Fn K-게임
237440,TIGER 경기방어채권혼합
570096,한투 인버스 2X 일본 엔선물 ETN
006345,대원전선우
610058,메리츠 인버스 3X 국채5년 ETN
610076,메리츠 인버스 3X 미국채10년 ETN
610070,메리츠 KAP 인버스 2X 일본 엔화 ETN
610056,메리츠 인버스 3X 국채3년 ETN
760015,키움 레버리지 바이오TOP10 ETN
341850,TIGER 리츠부동산인프라채권
494340,ACE 글로벌AI맞춤형반도체
610100,메리츠 2X 은 선물 ETN(H)
610098,메리츠 미국채30년 풋라이트 ETN(H)
700011,하나 레버리지 옥수수 선물 ETN(H)
411860,KIWOOM 독일DAX
610030,메리츠 S&P 유럽탄소배출권 선물 ETN(H)
610094,메리츠 천연가스 선물 ETN(H)
000225,유유제약1우
570073,한투 인버스 2X 구리 선물 ETN
760006,키움 KPOP ETN
520040,미래에셋 인버스 코스닥150 선물 ETN
610090,메리츠 일본 국채 10년 ETN
500063,신한 인버스 코스닥 150 선물 ETN
570092,한투 인버스 2X 유로스탁스50 ETN(H) B
166400,TIGER 200커버드콜OTM
489860,KIWOOM 글로벌전력GRID인프라
570094,한투 일본 엔선물 ETN C
266390,KODEX 경기소비재
610084,메리츠 미국채30년 스트립 ETN(H)
550100,N2 인버스 2X 천연가스 선물 ETN
230480,KIWOOM 미국달러선물인버스2X
181480,ACE 미국부동산리츠(합성 H)
700035,하나 인버스 2X K방산TOP10 ETN
610059,메리츠 3X 레버리지 국채10년 ETN
145210,다이나믹디자인
610096,메리츠 -2X 천연가스 선물 ETN(H)
610097,메리츠 미국채30년스트립 커버드콜 ETN(H)
466810,BNK 2차전지양극재
570101,한투 인버스 나스닥100 ETN B
550095,N2 레버리지 국채10년 ETN
570109,한투 레버리지미국채30년 ETN
580062,KB 레버리지 미국채 30년 ETN
570111,한투 3X레버리지미국채30년 ETN
700032,하나 인버스 2X 천연가스 선물 ETN(H)
570074,한투 S&P 유럽탄소배출권 선물 ETN(H)
435550,KIWOOM TDF2050액티브
462340,에셋플러스 글로벌다이나믹시니어액티브
375270,RISE 글로벌데이터센터리츠(합성)
429740,PLUS K리츠
001065,JW중외제약우
380340,ACE 코리아AI테크핵심산업
530135,삼성 인버스 China A50 선물 ETN(H) B
580032,KB 레버리지 구리 선물 ETN(H)
610062,메리츠 인버스 3X 국채30년 ETN
610034,메리츠 대표 농산물 선물 ETN(H)
140570,RISE 수출주
483020,KIWOOM 의료AI
610091,메리츠 3X 레버리지 일본 국채 10년 ETN
270800,RISE KQ고배당
497510,ACE 글로벌빅파마
520038,미래에셋 인버스 코스피200 선물 ETN
450180,KODEX 한중전기차(합성)
500061,신한 인버스 코스피 200 선물 ETN
451670,RISE 국채30년레버리지(합성)
487920,ACE 인도시장대표BIG5그룹액티브
429010,TIGER 미국나스닥넥스트100
381570,HANARO Fn친환경에너지
217780,TIGER 차이나CSI300인버스(합성)
494210,SOL 미국500타겟데일리커버드콜액티브
488290,마이다스 일본테크액티브
437370,RISE 글로벌농업경제
580053,KB 레버리지 콩 선물 ETN
390400,KODEX 미국스마트모빌리티S&P
174350,TIGER 로우볼
433250,UNICORN R&D 액티브
497520,ACE 일라이릴리밸류체인
004835,덕성우
530125,삼성 인버스 2X 일본니케이225선물 ETN(H)
139290,TIGER 200 경기소비재
435540,KIWOOM TDF2040액티브
530090,삼성 인버스 은 선물 ETN(H)
291630,KIWOOM 코스닥150선물레버리지
182490,TIGER 단기선진하이일드(합성 H)
570095,한투 레버리지 일본 엔선물 ETN C
499150,SOL 미국S&P500엔화노출(H)
500068,신한 인버스 2X 10년 국채선물 ETN
413220,SOL 차이나태양광CSI(합성)
004985,성신양회우
760014,키움 바이오TOP10 ETN
570097,한투 S&P 엔달러 선물 ETN(H)
550096,N2 레버리지 국채30년 ETN
457930,BNK 미래전략기술액티브
429980,SOL 한국형글로벌전기차&2차전지액티브
438740,마이다스 중소형액티브
530096,삼성 인버스 구리 선물 ETN(H)
227570,TIGER 우량가치
570108,한투 레버리지국채30년 ETN
530142,삼성 중국 AI 테크 TOP5 TR ETN(H)
580078,KB 은 선물 ETN
256450,PLUS 심천차이넥스트(합성)
610029,메리츠 인버스 2X 구리 선물 ETN(H)
488200,KIWOOM K-2차전지북미공급망
760025,키움 전력 TOP5 ETN
391600,ACE 미국친환경그린테마
550070,N2 인버스 레버리지 구리 선물 ETN(H)
000325,노루홀딩스우
435530,KIWOOM TDF2030액티브
570091,한투 인버스 유로스탁스50 ETN(H) C
219900,ACE 중국본토CSI300레버리지(합성)
404540,TIGER KRX기후변화솔루션
760027,키움 인버스 2X 전력 TOP5 ETN
368680,KODEX K-뉴딜디지털플러스
530056,삼성 인버스 2X 금 선물 ETN(H)
610067,메리츠 블룸버그 2X 천연가스선물 ETN(H) B
580040,KB 인버스 2X KOSPI 200 선물 ETN
291890,KODEX MSCI EM선물(H)
304670,KODEX 미국30년국채울트라선물인버스(H)
244670,KODEX 밸류Plus
610099,메리츠 은 선물 ETN(H)
456200,PLUS 미국달러SOFR금리액티브(합성)
316300,ACE 싱가포르리츠
139240,TIGER 200 철강소재
500067,신한 레버리지 10년 국채선물 ETN
610073,메리츠 KAP 인버스 2X 중국 위안화 ETN
520069,미래에셋 -2X 홍콩H 선물 ETN(H)
488480,RISE 일본섹터TOP4Plus
580035,KB S&P 유럽탄소배출권 선물 ETN(H)
500036,신한 인버스 2X 미국달러 선물 ETN
570056,한투 인버스 금 선물 ETN
570064,한투 인버스 베트남 VN30 선물 ETN(H)
530122,삼성 인버스 2X 항셍테크 TR ETN(H) B
189400,PLUS 글로벌MSCI(합성 H)
530062,삼성 인버스 2X 은 선물 ETN(H)
570066,한투 인버스 2X 베트남 VN30 선물 ETN(H)
307510,TIGER 의료기기
500041,신한 인버스 2X 구리 선물 ETN
760028,키움 인버스 2X 반도체TOP10 ETN
395750,PLUS ESG가치주액티브
760010,키움 2차전지산업 ETN
530060,삼성 코스피 양매도 5% OTM ETN
252420,RISE 200선물인버스2X
315270,TIGER 200커뮤니케이션서비스
474390,SOL 국고채30년액티브
314700,HANARO 농업융복합산업
550098,N2 인버스 2X 코스닥150 선물 ETN
402460,HANARO Fn K-메타버스MZ
610023,메리츠 레버리지 미국채10년 ETN(H)
570098,한투 S&P 레버리지 엔달러 선물 ETN(H)
090355,노루페인트우
510043,대신 인버스 천연가스 선물 ETN(H) B
138920,KODEX 콩선물(H)
012205,계양전기우
295000,RISE 국채선물10년
243890,TIGER 200에너지화학레버리지
407300,HANARO Fn골프테마
400590,SOL 글로벌탄소배출권선물ICE(합성)
225030,TIGER 미국S&P500선물인버스(H)
007575,일양약품우
306530,HANARO 코스닥150선물레버리지
483030,KIWOOM 미국블록버스터바이오테크의약품+
476000,UNICORN 포스트IPO액티브
570110,한투 3X레버리지국채30년 ETN
469530,RISE 미국달러선물인버스
289670,PLUS 국채선물10년
432600,RISE 국채선물3년
267450,RISE 미국장기국채선물인버스(H)
252410,RISE 200선물인버스
490330,KoAct 미국치매&뇌질환치료제액티브
580017,KB 인버스 2X S&P 500 선물 ETN
261920,ACE MSCI필리핀(합성)
000145,하이트진로홀딩스우
205720,ACE 일본TOPIX인버스(합성 H)
000545,흥국화재우
510027,대신 인버스 2X 코스닥 150 선물 ETN
397420,RISE 국채선물5년추종
580044,KB 인버스 2X KOSDAQ 150 선물 ETN
321410,KODEX 멀티에셋하이인컴(H)
530084,삼성 인버스 금 선물 ETN(H)
220130,SOL 차이나강소기업CSI500(합성 H)
476310,RISE 글로벌비만산업TOP2+
498610,RISE 인도디지털성장
570060,한투 인버스 2X 금 선물 ETN
267440,RISE 미국장기국채선물(H)
244660,KODEX 퀄리티Plus
427120,RISE AI플랫폼
530094,삼성 인버스 코스닥 150 선물 ETN
334690,RISE 팔라듐선물(H)
401590,HANARO 글로벌탄소배출권선물ICE(합성)
400580,SOL 유럽탄소배출권선물S&P(H)
570023,한투 인버스 2X S&P500 선물 ETN(H)
373790,KIWOOM 미국방어배당성장나스닥
266550,PLUS 중형주저변동50
491630,RISE 미국반도체인버스(합성 H)
760024,키움 인버스 2X K방산 TOP5 ETN
005745,크라운해태홀딩스우
394350,KIWOOM 글로벌퓨처모빌리티
700030,하나 S&P 인버스 2X WTI원유 선물 ETN B
226380,ACE Fn성장소비주도주
277650,TIGER 코스피중형주
227560,TIGER 200 생활소비재
014825,동원시스템즈우
700025,하나 블룸버그 2X 천연가스 선물 ETN(H) B
145670,ACE 인버스
009415,태영건설우
005965,동부건설우
530092,삼성 인버스 코스피 200 선물 ETN
488210,KIWOOM K-반도체북미공급망
002995,금호건설우
014285,금강공업우
291680,RISE 차이나H선물인버스(H)
570058,한투 인버스 은 선물 ETN
008355,남선알미우
610013,메리츠 인버스 2X 금 선물 ETN(H)
238670,PLUS 스마트베타Quality채권혼합
550063,N2 인버스 레버리지 금 선물 ETN(H)
580033,KB 인버스 2X 구리 선물 ETN(H)
267490,RISE 미국장기국채선물레버리지(합성 H)
253230,KIWOOM 200선물인버스2X
004545,깨끗한나라우
225050,TIGER 유로스탁스레버리지(합성 H)
280940,KODEX 골드선물인버스(H)
500051,신한 인버스 2X S&P500 선물 ETN
000227,유유제약2우B
470310,UNICORN 생성형AI강소기업액티브
454180,KIWOOM 차이나내수소비TOP CSI
227550,TIGER 200 산업재
424460,HANARO 글로벌워터MSCI(합성)
426330,KIWOOM 미국ETF산업STOXX
550043,N2 인버스 레버리지 WTI원유 선물 ETN(H)
002785,진흥기업우B
011155,CJ씨푸드1우
004415,서울식품우
001525,동양우
001527,동양2우B
489010,PLUS 글로벌AI인프라
014915,성문전자우
500030,신한 인버스 2X 은 선물 ETN(H)
441330,KIWOOM 차이나A50커넥트MSCI
291620,KIWOOM 코스닥150선물인버스
002787,진흥기업2우B
253160,PLUS 200선물인버스2X
253240,KIWOOM 200선물인버스
275750,RISE 코스닥150선물인버스
570070,한투 인버스 2X 플래티넘 선물 ETN
334700,RISE 팔라듐선물인버스(H)
465620,ACE 미국빅테크TOP7 Plus인버스(합성)
580023,KB 인버스 2X 금 선물 ETN(H)
700018,하나 인버스 2X 코스닥150 선물 ETN
500070,신한 인버스 2X 코스피 200 선물 ETN
412560,TIGER BBIG레버리지
306520,HANARO 200선물인버스
460280,KIWOOM Fn유전자혁신기술
500038,신한 인버스 2X 금 선물 ETN
301410,PLUS 코스닥150선물인버스
000250,삼천당제약
086520,에코프로
196170,알테오젠
247540,에코프로비엠
277810,레인보우로보틱스
298380,에이비엘바이오
058470,리노공업
087010,펩트론
950160,코오롱티슈진
141080,리가켐바이오
028300,HLB
240810,원익IPS
214370,케어젠
310210,보로노이
039030,이오테크닉스
095340,ISC
032820,우리기술
403870,HPSP
226950,올릭스
108490,로보티즈
036930,주성엔지니어링
214150,클래시스
083650,비에이치아이
214450,파마리서치
319400,현대무벡스
357780,솔브레인
347850,디앤디파마텍
145020,휴젤
237690,에스티팜
043260,성호전자
476830,알지노믹스
084370,유진테크
440110,파두
263750,펄어비스
064760,티씨케이
178320,서진시스템
140410,메지온
068760,셀트리온제약
030530,원익홀딩스
058610,에스피지
475830,오름테라퓨틱
257720,실리콘투
005290,동진쎄미켐
319660,피에스케이
458870,씨어스테크놀로지
031980,피에스케이홀딩스
035900,JYP Ent.
067310,하나마이크론
222800,심텍
041510,에스엠
376900,로킷헬스케어
039200,오스코텍
089030,테크윙
347700,스피어
445680,큐리옥스바이오시스템즈
131970,두산테스나
218410,RFHIC
078600,대주전자재료
323280,태성
098460,고영
491000,리브스메드
140860,파크시스템스
290650,엘앤씨바이오
099320,쎄트렉아이
101490,에스앤에스텍
003380,하림지주
090710,휴림로봇
038500,삼표시멘트
085660,차바이오텍
065350,신성델타테크
232140,와이씨
437730,삼현
082270,젬백스
417200,LS머트리얼즈
060370,LS마린솔루션
115180,큐리언트
080220,제주반도체
195940,HK이노엔
174900,앱클론
388210,씨엠티엑스
048410,현대바이오
397030,에이프릴바이오
082920,비츠로셀
131290,티에스이
189300,인텔리안테크
466100,클로봇
456160,지투지바이오
035760,CJ ENM
281740,레이크머티리얼즈
213420,덕산네오룩스
293490,카카오게임즈
493280,아이엠바이오로직스
124500,아이티센글로벌
127120,제이에스링크
032500,케이엠더블유
183300,코미코
095610,테스
160190,하이젠알앤엠
166090,하나머티리얼즈
010170,대한광통신
096530,씨젠
007390,네이처셀
137400,피엔티
253450,스튜디오드래곤
036540,SFA반도체
100790,미래에셋벤처투자
388720,유일로보틱스
089970,브이엠
295310,에이치브이엠
044490,태웅
490470,세미파이브
328130,루닛
056190,에스에프에이
056080,유진로봇
122870,와이지엔터테인먼트
052020,에스티큐브
476060,온코닉테라퓨틱스
014620,성광벤드
204270,제이앤티씨
036830,솔브레인홀딩스
389470,인벤티지랩
171090,선익시스템
126340,비나텍
348370,엔켐
006730,서부T&D
023160,태광
222080,씨아이에스
032190,다우데이타
161580,필옵틱스
420770,기가비스
036810,에프에스티
486990,노타
074600,원익QnC
241710,코스메카코리아
358570,지아이이노베이션
084110,휴온스글로벌
086450,동국제약
027360,아주IB투자
468530,프로티나
078160,메디포스트
187660,현대ADM
253590,네오셈
052400,코나아이
376300,디어유
348210,넥스틴
348340,뉴로메카
033500,동성화인텍
050890,쏠리드
033100,제룡전기
475960,토모큐브
060250,NHN KCP
399720,가온칩스
086900,메디톡스
372320,큐로셀
121600,나노신소재
015750,성우하이텍
356860,티엘비
225570,넥슨게임즈
425420,티에프이
102710,이엔에프테크놀로지
112040,위메이드
009520,포스코엠텍
460930,현대힘스
102940,코오롱생명과학
067160,SOOP
042520,한스바이오메드
042000,카페24
024850,HLB이노베이션
053800,안랩
365340,성일하이텍
200710,에이디테크놀로지
214430,아이쓰리시스템
287840,인투셀
098070,한텍
448900,한국피아이엠
025980,아난티
041960,코미팜
272290,이녹스첨단소재
336570,원텍
389650,넥스트바이오메디컬
424870,이뮨온시아
094170,동운아나텍
211050,인카금융서비스
053610,프로텍
383310,에코프로에이치엔
090360,로보스타
046890,서울반도체
252990,샘씨엔에스
060280,큐렉소
251970,펌텍코리아
122640,예스티
125490,한라캐스트
006910,보성파워텍
234340,헥토파이낸셜
045100,한양이엔지
278280,천보
025320,시노펙스
119850,지엔씨에너지
368770,파이버프로
099190,아이센스
095660,네오위즈
327260,RF머트리얼즈
041190,우리기술투자
083450,GST
018290,브이티
064260,다날
079370,제우스
104830,원익머트리얼즈
206650,유바이오로직스
077360,덕산하이메탈
031330,에스에이엠티
900290,GRT
488900,비츠로넥스텍
484590,삼양컴텍
047920,HLB제약
230360,에코마케팅
318060,그래피
025900,동화기업
039440,에스티아이
101160,월덱스
093320,케이아이엔엑스
215200,메가스터디교육
338840,와이바이오로직스
030520,한글과컴퓨터
180400,DXVX
036620,감성코퍼레이션
376270,HEM파마
478340,나라스페이스테크놀로지
215600,신라젠
046120,오르비텍
089010,켐트로닉스
059090,미코
101930,인화정공
393890,더블유씨피
194480,데브시스터즈
168360,펨트론
228760,지노믹트리
441270,파인엠텍
034950,한국기업평가
067630,HLB생명과학
394280,오픈엣지테크놀로지
091700,파트론
107640,한중엔시에스
033640,네패스
220100,퓨쳐켐
078020,LS증권
065660,안트로젠
019210,와이지-원
013030,하이록코리아
450950,아스테라시스
494120,큐리오시스
199800,툴젠
069080,웹젠
394800,쓰리빌리언
101730,위메이드맥스
018000,유니슨
117730,티로보틱스
114810,한솔아이원스
078350,한양디지텍
309710,아이티켐
455900,엔젤로보틱스
290550,디케이티
389260,대명에너지
179900,유티아이
138080,오이솔루션
053030,바이넥스
089890,코세스
340570,티앤엘
041830,인바디
089980,상아프론테크
475400,씨메스
078340,컴투스
110990,디아이티
200670,휴메딕스
304360,에스바이오메딕스
086390,유니테스트
033160,엠케이전자
226590,엠디바이스
200470,에이팩트
092870,엑시콘
080580,오킨스전자
298830,슈어소프트테크
365270,큐라클
308430,셀비온
003800,에이스침대
035890,서희건설
051500,CJ프레시웨이
448280,에코아이
144510,지씨셀
352480,씨앤씨인터내셔널
314930,바이오다인
037460,삼지전자
035810,이지홀딩스
241520,DSC인베스트먼트
036890,진성티이씨
482630,삼양엔씨켐
230240,에치에프알
058970,엠로
079940,가비아
094360,칩스앤미디어
041920,메디아나
236200,슈프리마
330860,네패스아크
200130,콜마비앤에이치
078130,국일제지
099440,스맥
049630,재영솔루텍
043150,바텍
136480,하림
093520,매커스
060720,KH바텍
241770,메카로
389020,자람테크놀로지
419530,SAMG엔터
094480,갤럭시아머니트리
023410,유진기업
204620,글로벌텍스프리
474650,링크솔루션
114190,강원에너지
064820,케이프
012210,삼미금속
265520,AP시스템
462350,이노스페이스
138610,나이벡
170920,엘티씨
099430,바이오플러스
314130,지놈앤컴퍼니
321550,티움바이오
051370,인터플렉스
151860,KG에코솔루션
033790,피노
036170,에이치엠넥스
024060,흥구석유
317330,덕산테코피아
014940,오리엔탈정공
243070,휴온스
023760,한국캐피탈
216080,제테마
042370,비츠로테크
389500,에스비비테크
215000,골프존
472850,폰드그룹
101360,에코앤드림
036200,유니셈
067390,아스트
416180,신성에스티
054950,제이브이엠
073490,이노와이어리스
445090,에이직랜드
049070,인탑스
086820,바이오솔루션
064550,바이오니아
255220,SG
294570,쿠콘
378340,필에너지
025770,한국정보통신
322310,오로스테크놀로지
950250,테라뷰
108860,셀바스AI
035600,KG이니시스
045390,대아티아이
371950,풍원정밀
267980,매일유업
272110,케이엔제이
018310,삼목에스폼
357550,석경에이티
069540,빛과전자
464080,에스오에스랩
061970,LB세미콘
354320,알멕
013120,동원개발
457550,우진엔텍
092730,네오팜
452430,사피엔반도체
274090,켄코아에어로스페이스
304100,솔트룩스
095500,미래나노텍
092460,한라IMS
094820,일진파워
221800,유투바이오
012860,모베이스전자
176750,듀켐바이오
182400,엔케이젠바이오텍코리아
361390,제노코
126700,하이비젼시스템
065680,우주일렉트로
206640,바디텍메드
950170,JTC
217730,강스템바이오텍
043370,피에이치에이
067080,대화제약
451760,컨텍
036800,나이스정보통신
459510,나우로보틱스
452280,한선엔지니어링
256840,한국비엔씨
056090,시지메드텍
214180,헥토이노베이션
005710,대원산업
131030,옵투스제약
121800,비덴트
254490,미래반도체
108380,대양전기공업
112290,와이씨켐
380550,뉴로핏
377460,위니아에이드
084990,헬릭스미스
474170,루미르
357580,아모센스
462860,더즌
418550,제이오
058820,CMG제약
078070,유비쿼스홀딩스
382900,범한퓨얼셀
068930,디지털대성
194700,노바렉스
053300,한국정보인증
115450,HLB테라퓨틱스
475230,엔알비
054210,이랜텍
950140,잉글우드랩
088800,에이스테크
199820,제일일렉트릭
199430,케이엔알시스템
481070,에이유브랜즈
190510,나무가
403850,더핑크퐁컴퍼니
051360,토비스
402490,그린리소스
160980,싸이맥스
017890,한국알콜
036190,금화피에스시
083310,엘오티베큠
484810,티엑스알로보틱스
461300,아이스크림미디어
243840,신흥에스이씨
484120,도우인시스
332570,PS일렉트로닉스
289930,웨이비스
211270,AP위성
307750,국전약품
144960,뉴파워프라즈마
034810,해성산업
085910,네오티스
019010,베뉴지
041020,폴라리스오피스
242040,나무기술
079960,동양이엔피
489500,엘케이켐
285490,노바텍
353810,이지바이오
203400,에이비온
036030,케이티알파
338220,뷰노
065710,서호전기
388050,지투파워
039840,디오
091580,상신이디피
106190,하이텍팜
425040,티이엠씨
115310,인포바인
084850,아이티엠반도체
126600,BGF에코머티리얼즈
402030,코난테크놀로지
039860,나노엔텍
297090,씨에스베어링
092070,디엔에프
372170,윤성에프앤씨
270660,에브리봇
100120,뷰웍스
357880,SKAI
101970,우양에이치씨
119610,인터로조
098120,마이크로컨텍솔
251370,와이엠티
118990,모트렉스
140670,알에스오토메이션
121440,골프존홀딩스
405100,큐알티
237880,클리오
104480,티케이케미칼
380540,옵티코어
179290,엠아이텍
039560,다산네트웍스
080160,모두투어
064850,에프앤가이드
064290,인텍플러스
234690,녹십자웰빙
082800,비보존 제약
032620,유비케어
417010,나노팀
078150,HB테크놀러지
299030,하나기술
036560,KZ정밀
290690,소룩스
219130,타이거일렉
095700,제넥신
102120,어보브반도체
389030,지니너스
377450,리파인
083930,아바코
143240,사람인
432720,퀄리타스반도체
146320,비씨엔씨
156100,엘앤케이바이오
123410,코리아에프티
122990,와이솔
264450,유비쿼스
114840,아이패밀리에스씨
473980,노머스
061090,세나테크놀로지
042420,네오위즈홀딩스
232680,라온로보틱스
002230,피에스텍
086890,이수앱지스
439090,마녀공장
293780,압타바이오
282720,금양그린파워
054450,텔레칩스
123330,제닉
300080,플리토
235980,메드팩토
356680,엑스게이트
052710,아모텍
011560,세보엠이씨
290740,액트로
060150,인선이엔티
217270,넵튠
143160,아이디스
016790,현대사료
048870,시너지이노베이션
458650,성우
456010,아이씨티케이
334970,프레스티지바이오로직스
321370,센서뷰
475580,에이럭스
046440,KG모빌리언스
322510,제이엘케이
323990,박셀바이오
452450,피아이이
264850,이랜시스
418420,라온텍
032940,원익
092130,이크레더블
047310,파워로직스
052330,코텍
123860,아나패스
008830,대동기어
093640,케이알엠
417500,제이아이테크
101170,우림피티에스
307180,아이엘
355150,코스텍시스
289080,SV인베스트먼트
125020,티씨머티리얼즈
023910,대한약품
005160,동국산업
119830,아이텍
264660,씨앤지하이테크
000440,중앙에너비스
453450,그리드위즈
365330,에스와이스틸텍
038390,레드캡투어
333430,일승
007330,푸른저축은행
035080,그래디언트
037350,성도이엔지
267320,나인테크
066620,국보디자인
340450,지씨지놈
086980,쇼박스
038290,마크로젠
126730,코칩
054620,APS
011040,경동제약
220260,켐트로스
090470,제이스텍
067280,멀티캠퍼스
469610,이노테크
293580,나우IB
282880,코윈테크
067000,조이시티
037070,파세코
080420,모다이노칩
108230,톱텍
234030,싸이닉솔루션
476040,오가노이드사이언스
068790,DMS
456070,이엔셀
054800,아이디스홀딩스
049430,코메론
322180,LS티라유텍
464490,쿼드메디슨
013990,아가방컴퍼니
104460,디와이피엔에프
038110,에코플라스틱
259630,엠플러스
182360,큐브엔터
033340,좋은사람들
066410,버킷스튜디오
046070,코다코
417840,저스템
488280,에스투더블유
069510,에스텍
092190,서울바이오시스
148150,세경하이테크
051980,중앙첨단소재
047770,코데즈컴바인
005860,한일사료
147830,제룡산업
256940,킵스파마
260970,에스앤디
053700,삼보모터스
046970,우리로
265740,엔에프씨
072870,메가스터디
187870,디바이스
158430,아톤
023600,삼보판지
047560,이스트소프트
054540,삼영엠텍
123040,엠에스오토텍
136150,원일티엔아이
040300,YTN
250060,모비스
005990,매일홀딩스
041440,현대에버다임
095190,이엠코리아
203650,드림시큐리티
331740,아우토크립트
093190,빅솔론
021320,KCC건설
086670,비엠티
042600,새로닉스
053080,케이엔솔
006620,동구바이오제약
049720,고려신용정보
297890,HB솔루션
071200,인피니트헬스케어
096350,대창솔루션
204610,티쓰리
217820,원익피앤이
073010,케이에스피
024800,유성티엔에스
090850,현대이지웰
192440,슈피겐코리아
017510,세명전기
306620,지아이에스
445180,퓨릿
214680,디알텍
382800,지앤비에스 에코
027710,팜스토리
261780,차백신연구소
003100,선광
310200,애니플러스
215100,로보로보
263720,디앤씨미디어
136540,윈스테크넷
225190,LK삼양
122450,KX
036710,심텍홀딩스
085670,뉴프렉스
063570,NICE인프라
109740,디에스케이
107600,새빗켐
240550,동방메디컬
138360,앤로보틱스
408920,메쎄이상
088130,동아엘텍
036220,오상헬스케어
065450,빅텍
246710,티앤알바이오팹
045970,코아시아
336680,탑런토탈솔루션
360070,탑머티리얼
100130,동국S&C
255440,야스
021080,에이티넘인베스트
413630,씨피시스템
048530,인트론바이오
226400,오스테오닉
063170,서울옥션
089600,KT나스미디어
205100,엑셈
149950,아바텍
059120,아진엑스텍
024880,케이피에프
209640,와이제이링크
269620,시스웍
049960,쎌바이오텍
083500,에프엔에스테크
382840,원준
003310,대주산업
096250,와이즈넛
388870,파로스아이바이오
054050,농우바이오
014970,삼륭물산
029480,광무
337930,젝시믹스
129920,대성하이텍
067990,도이치모터스
474610,RF시스템즈
067900,와이엔텍
052420,오성첨단소재
109610,에스와이
039980,폴라리스AI
489460,바이오비쥬
417970,모델솔루션
036690,코맥스
388790,라이콤
049950,미래컴퍼니
032300,한국파마
023900,풍국주정
263860,지니언스
025950,동신건설
059210,메타바이오메드
059270,해성에어로보틱스
071280,로체시스템즈
009780,엠에스씨
309960,LB인베스트먼트
013310,아진산업
036010,아비코전자
366030,공구우먼
054920,한컴위드
381620,제닉스로보틱스
396270,넥스트칩
099750,이지케어텍
223250,드림씨아이에스
166480,코아스템켐온
040160,누리플렉스
049520,유아이엘
052260,현대바이오랜드
096240,크레버스
038540,상상인
051160,지어소프트
389140,포바이포
131370,알서포트
305090,마이크로디지탈
026150,특수건설
105330,케이엔더블유
074430,아미노로직스
432470,케이엔에스
187790,나노
091120,이엠텍
141000,비아트론
086960,MDS테크
018120,진로발효
063080,컴투스홀딩스
041590,플래스크
053580,웹케시
439580,블루엠텍
251120,바이오에프디엔씨
125210,아모그린텍
083790,CG인바이츠
317770,엑스페릭스
217330,싸이토젠
424960,스마트레이더시스템
044990,에이치엔에스하이텍
086710,선진뷰티사이언스
073560,우리손에프앤지
088390,이녹스
308080,바이젠셀
033290,로젠
038460,바이오스마트
066590,우수AMS
078890,가온그룹
418470,KT밀리의서재
039340,한국경제TV
078140,대봉엘에스
124560,태웅로직스
443250,레뷰코퍼레이션
463020,뉴엔AI
370090,퓨런티어
030960,양지사
396470,워트
290720,푸드나무
142210,유니트론텍
443670,에스피소프트
065170,비엘팜텍
208370,셀바스헬스케어
307930,컴퍼니케이
330350,위더스제약
048550,SM C&C
149980,하이로닉
278650,HLB바이오스텝
033130,디지틀조선
100700,세운메디칼
214270,FSN
950190,고스트스튜디오
348350,위드텍
348080,큐라티스
101330,모베이스
950130,엑세스바이오
011370,서한
067290,JW신약
115500,케이씨에스
446540,메가터치
298540,더네이쳐홀딩스
377480,마음AI
460940,피앤에스로보틱스
040910,아이씨디
046210,HLB파나진
081180,쎄크
039830,오로라
172670,에이엘티
317830,에스피시스템스
047820,초록뱀미디어
303810,동국생명과학
493330,지에프아이
117670,알파칩스
246720,아스타
294630,서남
311690,CJ 바이오사이언스
228850,레이언스
299170,더블유에스아이
019550,SBI인베스트먼트
041520,이엘씨
105550,엣지파운드리
362320,청담글로벌
007820,에스엠코어
101670,하이드로리튬
302550,리메드
315640,딥노이드
290660,네오펙트
458350,에스팀
339950,아이비김영
191420,테고사이언스
041910,폴라리스AI파마
009300,삼아제약
001540,안국약품
225530,HC보광산업
323350,다원넥스뷰
024740,한일단조
105740,디케이락
205500,넥써쓰
024830,세원물산
089230,THE E&M
054670,대한뉴팜
042510,라온시큐어
201490,미투온
006140,피제이전자
058400,KNN
396300,세아메카닉스
043610,KT지니뮤직
092040,아미코젠
037030,파워넷
084650,랩지노믹스
357230,에이치피오
448710,코츠테크놀로지
066700,테라젠이텍스
066790,씨씨에스
014950,삼익제약
033320,제이씨현시스템
035610,솔본
120240,대정화금
452190,한빛레이저
084730,팅크웨어
068240,다원시스
348150,고바이오랩
205470,휴마시스
048910,대원미디어
058630,엠게임
041930,동아화성
019990,에너토크
360350,코셈
173130,오파스넷
330730,스톤브릿지벤처스
352090,스톰테크
065510,휴비츠
066310,큐에스아이
012700,리드코프
110790,크리스에프앤씨
241690,유니테크노
060590,씨티씨바이오
163730,핑거
093920,서원인텍
340360,다보링크
212560,네오오토
453860,에이에스텍
950220,네오이뮨텍
411080,샌즈랩
067570,엔브이에이치코리아
091440,한울소재과학
277880,티에스아이
192410,오늘이엔엠
175140,휴먼테크놀로지
082850,우리바이오
347890,엠투아이
060570,드림어스컴퍼니
451220,아이엠티
461030,아이엠비디엑스
040420,정상제이엘에스
053280,예스24
115440,우리넷
137950,제이씨케미칼
261520,이지스
413390,엠오티
234300,에스트래픽
260930,씨티케이
214260,라파스
331380,포커스에이아이
053050,지에스이
203690,아크솔루션스
104040,대성파인텍
004650,창해에탄올
216050,인크로스
412350,레이저쎌
079810,디이엔티
102370,케이옥션
419050,삼기에너지솔루션즈
044340,위닉스
071670,에이테크솔루션
265560,영화테크
130580,나이스디앤비
373200,엑스플러스
019540,일지테크
207760,미스터블루
016250,SGC E&C
032850,비트컴퓨터
048430,유라테크
463480,모티브링크
217500,러셀
311320,지오엘리먼트
170030,현대공업
126880,제이엔케이글로벌
072020,중앙백신
134580,탑코미디어
382480,지아이텍
078590,휴림에이텍
290670,대보마그네틱
061250,화일약품
099220,SDN
451250,삐아
042500,링네트
066430,아이로보틱스
900250,크리스탈신소재
251630,브이원텍
054040,한국컴퓨터
478560,블랙야크아이앤씨
183490,엔지켐생명과학
049180,셀루메드
136410,아셈스
025550,한국선재
039610,화성밸브
060560,HC홈센타
036640,HRS
046940,우원개발
002800,신신제약
053260,금강철강
376930,노을
131400,이브이첨단소재
175250,아이큐어
020710,시공테크
024910,경창산업
111710,남화산업
204840,지엘팜텍
263600,덕우전자
475430,키스트론
412540,제일엠앤에스
208140,정다운
228670,레이
036630,세종텔레콤
253840,수젠텍
128660,피제이메탈
081150,티플랙스
347000,센코
289220,자이언트스텝
076610,해성옵틱스
089850,유비벨록스
382150,온코크로스
222160,NPX
094940,푸른기술
027830,대성창투
049470,비트플래닛
227950,엔투텍
064800,포니링크
014470,부방
226330,신테카바이오
424980,마이크로투나노
417790,트루엔
033230,인성정보
206560,덱스터
299900,위지윅스튜디오
217190,제너셈
045660,에이텍
066980,한성크린텍
452400,이닉스
215360,우리산업
024840,KBI메탈
900260,로스웰
273640,와이엠텍
094840,슈프리마에이치큐
142280,녹십자엠에스
391710,코닉오토메이션
052900,KX하이텍
317870,엔바이오니아
238090,앤디포스
017650,대림제지
288330,파라택시스코리아
459100,위츠
053450,세코닉스
306040,에스제이그룹
187420,HLB제넥스
435570,에르코스
036120,서울평가정보
446840,지슨
408900,스튜디오미르
171120,라이온켐텍
307870,비투엔
241790,티이엠씨씨엔에스
378800,샤페론
246690,TS인베스트먼트
104200,NHN벅스
104620,노랑풍선
159010,아스플로
212710,아이에스티이
299660,셀리드
039020,이건홀딩스
189860,서전기전
004590,한국가구
043710,서울리거
011320,유니크
041460,한국전자인증
153710,옵티팜
100590,머큐리
027050,코리아나
043650,국순당
033310,엠투엔
104540,코렌텍
094850,참좋은여행
234920,자이글
040350,크레오에스지
234100,폴라리스세원
192250,케이사인
087260,모바일어플라이언스
459550,알트
222040,코스맥스엔비티
460870,에스엠씨지
263800,데이타솔루션
040610,SG&G
099410,동방선기
072470,우리산업홀딩스
317690,퀀타매트릭스
317850,대모
017480,삼현철강
012790,신일제약
039010,현대에이치티
199550,레이저옵텍
052220,iMBC
159580,제로투세븐
140070,서플러스글로벌
042110,에스씨디
010470,오리콤
246960,SCL사이언스
054930,유신
262260,에이프로
073640,테라사이언스
039420,케이엘넷
347860,알체라
036000,예림당
015710,코콤
052860,아이앤씨
053350,이니텍
317530,캐리소프트
065530,와이어블
036090,위지트
332370,아이디피
089150,케이씨티
064240,홈캐스트
123420,위메이드플레이
095270,웨이브일렉트로
065500,오리엔트정공
291650,압타머사이언스
457370,한켐
393210,토마토시스템
010280,아이티센엔텍
294140,레몬
037230,한국팩키지
365590,하이딥
331920,셀레믹스
036670,삼양케이씨아이
082210,옵트론텍
229000,젠큐릭스
060310,3S
072990,에이치시티
479960,위너스
168330,내츄럴엔도텍
162300,신스틸
196300,HLB펩
080010,이상네트웍스
189980,흥국에프엔비
039240,경남스틸
369370,블리츠웨이엔터테인먼트
049480,오픈베이스
222110,팬젠
196450,코아시아씨엠
037760,쎄니트
067370,선바이오
072770,멤레이비티
155650,와이엠씨
033170,시그네틱스
109860,동일금속
127710,아시아경제
218150,미래생명자원
198440,강동씨앤엘
067920,이글루
096630,에스코넥
318160,셀바이오휴먼텍
053950,경남제약
007370,진양제약
063440,SM Life Design
302430,이노메트리
215090,솔디펜스
122690,서진오토모티브
145170,노브랜드
049550,잉크테크
053270,구영테크
038680,에스넷
238120,얼라인드
185490,아이진
373160,데이원컴퍼니
333620,엔시스
033540,파라텍
340930,유일에너테크
062970,한국첨단소재
219750,한국비티비
219550,디와이디
288620,에스퓨얼셀
261200,덴티스
068330,일신바이오
010240,흥국
122310,제노레이
014190,원익큐브
950200,소마젠
052790,액토즈소프트
351330,이삭엔지니어링
376180,피코그램
088910,동우팜투테이블
054300,팬스타엔터프라이즈
065440,이루온
294090,이오플로우
050960,수산아이앤티
053620,태양
347740,피엔케이피부임상연구센타
033830,티비씨
222420,쎄노텍
384470,코어라인소프트
303360,프로티아
237820,플레이디
037330,인지디스플레
053980,오상자이엘
037950,엘컴텍
092300,현우산업
127980,화인써키트
413640,비아이매트릭스
419120,산돌
004780,대륙제관
008370,원풍
407400,꿈비
419080,엔젯
403490,우듬지팜
100030,인지소프트
089790,제이티
037440,희림
056360,코위버
099520,DGI
045340,토탈소프트
263690,디알젬
038880,아이에이
005670,푸드웰
122350,삼기
361570,알비더블유
320000,한울반도체
245620,EDGC
072950,빛샘전자
364950,에이아이코리아
466410,사이냅소프트
173940,에프엔씨엔터
256630,포인트엔지니어링
007680,대원
109080,옵티시스
471820,셀로맥스사이언스
038070,서린바이오
258610,케일럼
200230,텔콘RF제약
032960,동일기연
006920,모헨즈
321820,아티스트컴퍼니
038010,제일테크노스
043910,자연과환경
440290,HB인베스트먼트
219420,링크제니시스
277070,린드먼아시아
170790,파이오링크
090410,덕신이피씨
311390,네오크레마
097800,윈팩
273060,와이즈버즈
066130,하츠
042940,상지건설
217480,에스디생명공학
024950,삼천리자전거
177900,쓰리에이로직스
061040,알에프텍
452160,제이엔비
033560,블루콤
314140,알피바이오
097870,효성오앤비
432430,와이랩
100660,서암기계공업
143540,영우디에스피
105760,포스뱅크
032540,TJ미디어
332290,누보
460470,아이빔테크놀로지
195990,에이비프로바이오
452200,민테크
079000,와토스코리아
016600,큐캐피탈
241840,에이스토리
114450,그린생명과학
190650,코리아에셋투자증권
043340,에쎈테크
007530,와이엠
056700,신화인터텍
033200,모아텍
126640,화신정공
388610,지에프씨생명과학
352910,오비고
250000,보라티알
137080,나래나노텍
189690,포시에스
352700,씨앤투스
096610,알에프세미
066360,체리부로
088340,유라클
032860,더라미
007720,소노스퀘어
